RED_RL_106,I like the zoo.,1,1
RED_RL_106,I have a backyard.,1,2
RED_RL_106,I like rainbows.,1,2
RED_RL_106,I watch YouTube.,0,0
RED_RL_106,I like to swim.,1,2
RED_RL_106,I play piano.,1,1
RED_RL_106,I like Batman.,1,2
RED_RL_106,I like the rain.,1,1
RED_RL_106,I have homework.,1,1
RED_RL_106,I play football.,0,0
RED_RL_106,I like school.,1,1
RED_RL_106,I have an XBox.,0,2
RED_RL_106,I like vacations.,1,1
RED_RL_106,I like Harry Potter.,1,3
RED_RL_106,I draw pictures.,1,1
RED_RL_106,I paint pictures.,1,2
RED_RL_106,I like science class.,1,1
RED_RL_106,I like broccoli.,0,2
RED_RL_106,I read books.,1,2
RED_RL_106,I like iced tea.,0,2
RED_RL_106,I have an iPad.,0,0
RED_RL_106,I like the aquarium.,1,1
RED_RL_106,I have been to California.,0,3
RED_RL_106,I go camping.,1,2
RED_RL_106,I like french fries.,1,2
RED_RL_106,I like sleepovers.,1,2
RED_RL_106,I go to museums.,1,1
RED_RL_106,I like to play.,1,1
RED_RL_106,I go out to dinner.,1,2
RED_RL_106,I like to read.,1,2
RED_RL_106,I have books.,1,2
RED_RL_106,I have a brother.,1,2
RED_RL_106,I play checkers.,0,1
RED_RL_106,I have board games.,1,1
RED_RL_106,I play computer games.,1,2
RED_RL_106,I go hiking.,1,1
RED_RL_106,I read magazines.,1,1
RED_RL_106,I collect rocks.,0,3
RED_RL_106,I play clarinet.,0,2
RED_RL_106,I live in a house.,1,2
RED_RL_106,I can do the splits.,0,2
RED_RL_106,I collect stamps.,0,2
RED_RL_106,I have an iPhone.,0,1
RED_RL_106,I have a turtle.,0,2
RED_RL_106,I like cats.,1,1
RED_RL_106,I like Justin Beiber.,0,1
RED_RL_106,I like animals.,1,1
RED_RL_106,I sing.,0,3
RED_RL_106,I like movies.,1,1
RED_RL_106,I play soccer.,0,2
RED_RL_106,I have a dog.,0,0
RED_RL_106,I go to the zoo.,1,2
RED_RL_106,I go swimming.,1,2
RED_RL_106,I like my friends.,1,1
RED_RL_106,I have a cat.,0,3
RED_RL_106,I like the summer.,1,1
RED_RL_106,I play video games.,1,1
RED_RL_106,I like art class.,1,2
RED_RL_106,I ice skate.,0,3
RED_RL_106,I have been to Mexico.,0,0
RED_RL_106,I go to the movies.,1,2
RED_RL_106,I play on the monkey bars.,1,2
RED_RL_106,I go to the park.,1,1
RED_RL_106,I like Iron Man.,1,2
RED_RL_106,I like musicals.,0,0
RED_RL_106,I like YouTube.,0,2
RED_RL_106,I ride the bus.,1,1
RED_RL_106,I play Minecraft.,1,2
RED_RL_106,I like Nickelodeon.,1,1
RED_RL_106,I play baseball.,1,2
RED_RL_106,I have been on a plane.,1,1
RED_RL_106,I have been on a train.,1,1
RED_RL_106,I like cartoons.,1,2
RED_RL_106,I have been to Baltimore.,1,2
RED_RL_106,I play board games.,1,2
RED_RL_106,I juggle.,0,1
RED_RL_106,I have a sister.,1,2
RED_RL_106,I have a bicycle.,1,1
RED_RL_106,I like my family.,1,2
RED_RL_106,I like the snow.,1,1
RED_RL_106,I have a pool.,0,0
RED_RL_106,I like to dance.,0,0
RED_RL_106,My favorite color is blue.,0,1
RED_RL_106,I like to bake cookies.,1,2
RED_RL_106,I like birthday parties.,1,2
RED_RL_106,I have a TV.,1,1
RED_RL_106,I watch tv.,1,2
RED_RL_106,I watch Netflix.,1,2
RED_RL_106,I like gym class.,1,1
RED_RL_106,I play guitar.,0,2
RED_RL_106,I like sushi.,0,0
RED_RL_106,I like recess.,1,2
RED_RL_106,I like Starbucks,0,3
RED_RL_106,I like the beach.,1,1
RED_RL_106,I can whistle.,0,3
RED_RL_106,I go on vacation.,1,1
RED_RL_106,I have been to Disney World.,0,2
RED_RL_106,I like chicken fingers.,1,2
RED_RL_106,I play volleyball.,0,1
RED_RL_106,I have been to Canada,0,2
RED_RL_106,I like football.,0,2
RED_RL_106,I like cookies.,1,1
RED_RL_106,I ride my bike.,1,1
RED_RL_106,I like my friends.,1,2
RED_CAT_145,I play board games.,1,1
RED_CAT_145,I like to play.,1,2
RED_CAT_145,I play video games.,1,2
RED_CAT_145,I like to bake cookies.,1,1
RED_CAT_145,I play football.,1,2
RED_CAT_145,I like YouTube.,1,1
RED_CAT_145,I like the summer.,1,2
RED_CAT_145,I like recess.,1,1
RED_CAT_145,I like birthday parties.,1,1
RED_CAT_145,I go camping.,1,1
RED_CAT_145,I can do the splits.,0,1
RED_CAT_145,I like vacations.,1,2
RED_CAT_145,I paint pictures.,0,1
RED_CAT_145,I like Harry Potter.,1,3
RED_CAT_145,I play guitar.,0,0
RED_CAT_145,I like the beach.,1,2
RED_CAT_145,I like my friends.,1,1
RED_CAT_145,I like to dance.,0,2
RED_CAT_145,I go hiking.,1,2
RED_CAT_145,I juggle.,0,2
RED_CAT_145,I watch Netflix.,1,1
RED_CAT_145,I collect stamps.,0,1
RED_CAT_145,I have been to California.,1,3
RED_CAT_145,I have a dog.,1,2
RED_CAT_145,I go on vacation.,1,2
RED_CAT_145,I like animals.,1,2
RED_CAT_145,I play clarinet.,1,1
RED_CAT_145,I have been to Canada,0,0
RED_CAT_145,I like the snow.,1,2
RED_CAT_145,I go to museums.,1,2
RED_CAT_145,I have board games.,1,2
RED_CAT_145,I like musicals.,0,2
RED_CAT_145,I live in a house.,1,1
RED_CAT_145,I play Minecraft.,1,1
RED_CAT_145,I play piano.,1,2
RED_CAT_145,I play computer games.,1,1
RED_CAT_145,I like french fries.,1,1
RED_CAT_145,I like Starbucks,0,3
RED_CAT_145,I ride my bike.,0,2
RED_CAT_145,I play checkers.,1,2
RED_CAT_145,My favorite color is blue.,0,2
RED_CAT_145,I like gym class.,1,2
RED_CAT_145,I like art class.,0,1
RED_CAT_145,I draw pictures.,0,2
RED_CAT_145,I have a turtle.,0,0
RED_CAT_145,I go swimming.,1,1
RED_CAT_145,I like sleepovers.,0,0
RED_CAT_145,I sing.,0,3
RED_CAT_145,I like iced tea.,0,1
RED_CAT_145,I play volleyball.,1,2
RED_CAT_145,I like broccoli.,0,0
RED_CAT_145,I have an iPad.,0,2
RED_CAT_145,I go to the park.,1,2
RED_CAT_145,I like to swim.,1,1
RED_CAT_145,I have a cat.,0,3
RED_CAT_145,I play soccer.,-1,4
RED_CAT_145,I like rainbows.,0,1
RED_CAT_145,I like movies.,1,2
RED_CAT_145,I ice skate.,0,3
RED_CAT_145,I have a brother.,1,1
RED_CAT_145,I have a bicycle.,1,2
RED_CAT_145,I like Nickelodeon.,0,2
RED_CAT_145,I have been to Disney World.,0,1
RED_CAT_145,I have a pool.,0,2
RED_CAT_145,I play on the monkey bars.,1,1
RED_CAT_145,I like cookies.,1,2
RED_CAT_145,I like my family.,1,1
RED_CAT_145,I have an iPhone.,0,2
RED_CAT_145,I read books.,1,1
RED_CAT_145,I have a TV.,1,2
RED_CAT_145,I like to read.,1,1
RED_CAT_145,I have been to Baltimore.,1,1
RED_CAT_145,I have been on a plane.,1,2
RED_CAT_145,I like science class.,0,2
RED_CAT_145,I like the zoo.,1,2
RED_CAT_145,I like Batman.,1,1
RED_CAT_145,I like the rain.,0,2
RED_CAT_145,I have an XBox.,1,1
RED_CAT_145,I have homework.,1,2
RED_CAT_145,I like football.,1,1
RED_CAT_145,I have a backyard.,1,1
RED_CAT_145,I like chicken fingers.,1,1
RED_CAT_145,I go to the movies.,1,1
RED_CAT_145,I like sushi.,1,2
RED_CAT_145,I read magazines.,0,2
RED_CAT_145,I like cartoons.,0,0
RED_CAT_145,I like Justin Beiber.,0,2
RED_CAT_145,I watch YouTube.,1,2
RED_CAT_145,I go out to dinner.,1,1
RED_CAT_145,I like cats.,0,2
RED_CAT_145,I like Iron Man.,1,1
RED_CAT_145,I like school.,1,2
RED_CAT_145,I collect rocks.,0,3
RED_CAT_145,I watch tv.,1,1
RED_CAT_145,I can whistle.,1,3
RED_CAT_145,I have books.,1,1
RED_CAT_145,I like the aquarium.,1,2
RED_CAT_145,I have been on a train.,1,2
RED_CAT_145,I have a sister.,1,1
RED_CAT_145,I have been to Mexico.,0,2
RED_CAT_145,I ride the bus.,1,2
RED_CAT_145,I play baseball.,0,0
RED_CAT_145,I go to the zoo.,1,1
RED_CAT_145,I like my friends.,1,2
RED_RL_165,I like the rain.,0,2
RED_RL_165,I can do the splits.,1,1
RED_RL_165,I play guitar.,0,0
RED_RL_165,I like my friends.,1,1
RED_RL_165,I like french fries.,1,1
RED_RL_165,I like to play.,1,2
RED_RL_165,I have an iPhone.,0,2
RED_RL_165,I like YouTube.,1,1
RED_RL_165,I have a bicycle.,1,2
RED_RL_165,I watch YouTube.,1,2
RED_RL_165,I like iced tea.,0,1
RED_RL_165,I like musicals.,1,2
RED_RL_165,I like to swim.,1,1
RED_RL_165,I like gym class.,1,2
RED_RL_165,I ice skate.,0,3
RED_RL_165,I paint pictures.,-1,4
RED_RL_165,I have a cat.,1,3
RED_RL_165,I collect stamps.,0,1
RED_RL_165,I read magazines.,1,2
RED_RL_165,I like cookies.,1,2
RED_RL_165,I like rainbows.,-1,4
RED_RL_165,I like Nickelodeon.,0,2
RED_RL_165,I have homework.,1,2
RED_RL_165,I like to read.,1,1
RED_RL_165,I like Iron Man.,1,1
RED_RL_165,I like sushi.,0,2
RED_RL_165,I like Justin Beiber.,0,2
RED_RL_165,I read books.,1,1
RED_RL_165,I can whistle.,1,3
RED_RL_165,I have books.,1,1
RED_RL_165,I like football.,1,1
RED_RL_165,I go on vacation.,1,2
RED_RL_165,I collect rocks.,0,3
RED_RL_165,I play on the monkey bars.,1,1
RED_RL_165,I like movies.,1,2
RED_RL_165,I have been to Mexico.,0,2
RED_RL_165,I play Minecraft.,1,1
RED_RL_165,I have been on a train.,1,2
RED_RL_165,I like cartoons.,1,1
RED_RL_165,I like science class.,1,2
RED_RL_165,I go to the movies.,1,1
RED_RL_165,I play volleyball.,0,2
RED_RL_165,I like chicken fingers.,1,1
RED_RL_165,I have a pool.,0,2
RED_RL_165,I like sleepovers.,1,1
RED_RL_165,I like to bake cookies.,0,0
RED_RL_165,I go hiking.,0,2
RED_RL_165,I have a TV.,1,2
RED_RL_165,I juggle.,0,2
RED_RL_165,I like my family.,1,1
RED_RL_165,I like the snow.,1,2
RED_RL_165,I watch tv.,1,1
RED_RL_165,I play clarinet.,0,0
RED_RL_165,I have a brother.,1,1
RED_RL_165,I ride the bus.,1,2
RED_RL_165,I play piano.,0,2
RED_RL_165,I like school.,0,2
RED_RL_165,I have been on a plane.,1,2
RED_RL_165,I like recess.,1,1
RED_RL_165,I have an XBox.,1,1
RED_RL_165,I draw pictures.,1,2
RED_RL_165,I have a turtle.,0,0
RED_RL_165,I like art class.,1,1
RED_RL_165,I like Starbucks,0,3
RED_RL_165,I play football.,0,2
RED_RL_165,My favorite color is blue.,0,2
RED_RL_165,I like the zoo.,1,2
RED_RL_165,I play video games.,1,2
RED_RL_165,I live in a house.,1,1
RED_RL_165,I like cats.,1,2
RED_RL_165,I play computer games.,1,1
RED_RL_165,I go out to dinner.,1,1
RED_RL_165,I watch Netflix.,1,1
RED_RL_165,I have been to California.,0,3
RED_RL_165,I play board games.,1,1
RED_RL_165,I like the beach.,1,2
RED_RL_165,I like broccoli.,1,1
RED_RL_165,I like to dance.,-1,2
RED_RL_165,I like birthday parties.,1,1
RED_RL_165,I have a dog.,0,2
RED_RL_165,I have board games.,1,2
RED_RL_165,I have been to Baltimore.,1,1
RED_RL_165,I go to museums.,1,2
RED_RL_165,I have a backyard.,1,1
RED_RL_165,I like the summer.,1,2
RED_RL_165,I have been to Disney World.,0,1
RED_RL_165,I go swimming.,1,1
RED_RL_165,I go to the zoo.,1,1
RED_RL_165,I have a sister.,0,1
RED_RL_165,I like the aquarium.,1,2
RED_RL_165,I like Batman.,1,1
RED_RL_165,I like Harry Potter.,1,3
RED_RL_165,I have been to Canada,0,0
RED_RL_165,I go to the park.,1,2
RED_RL_165,I go camping.,1,1
RED_RL_165,I like my friends.,1,2
RED_RL_165,I have an iPad.,0,2
RED_RL_165,I like vacations.,1,2
RED_RL_165,I play baseball.,0,0
RED_RL_165,I play soccer.,0,1
RED_RL_165,I sing.,0,3
RED_RL_165,I like animals.,1,2
RED_RL_165,I play checkers.,1,2
RED_RL_165,I ride my bike.,1,2
RED_RL_155,I go to museums.,-1,4
RED_RL_155,I have a dog.,0,0
RED_RL_155,I have an XBox.,1,2
RED_RL_155,I like sleepovers.,-1,2
RED_RL_155,I play board games.,1,2
RED_RL_155,I go to the zoo.,1,2
RED_RL_155,I like movies.,1,1
RED_RL_155,I have homework.,1,1
RED_RL_155,I like to swim.,1,2
RED_RL_155,I go hiking.,1,1
RED_RL_155,I like school.,0,1
RED_RL_155,I like Harry Potter.,0,3
RED_RL_155,I like chicken fingers.,1,2
RED_RL_155,I can do the splits.,0,2
RED_RL_155,I go to the movies.,1,2
RED_RL_155,I like recess.,1,2
RED_RL_155,I have a bicycle.,1,1
RED_RL_155,I have a brother.,1,2
RED_RL_155,I have a TV.,1,1
RED_RL_155,I read magazines.,0,1
RED_RL_155,I like animals.,1,1
RED_RL_155,I can whistle.,1,3
RED_RL_155,I have an iPhone.,0,1
RED_RL_155,I play soccer.,0,2
RED_RL_155,I like musicals.,0,0
RED_RL_155,I like Iron Man.,0,2
RED_RL_155,I collect stamps.,0,2
RED_RL_155,I like the zoo.,1,1
RED_RL_155,I play piano.,-1,4
RED_RL_155,I like science class.,1,1
RED_RL_155,I play video games.,0,1
RED_RL_155,I like to read.,1,2
RED_RL_155,I paint pictures.,1,2
RED_RL_155,I have a pool.,0,0
RED_RL_155,I like birthday parties.,1,2
RED_RL_155,I like broccoli.,1,2
RED_RL_155,I play volleyball.,0,1
RED_RL_155,I have a backyard.,1,2
RED_RL_155,I draw pictures.,1,1
RED_RL_155,I like french fries.,1,2
RED_RL_155,I like Starbucks,-1,4
RED_RL_155,I like the snow.,-1,4
RED_RL_155,I sing.,0,3
RED_RL_155,I like the aquarium.,1,1
RED_RL_155,I have books.,1,2
RED_RL_155,I like YouTube.,1,2
RED_RL_155,I like the beach.,1,1
RED_RL_155,I have a turtle.,0,2
RED_RL_155,I go swimming.,1,2
RED_RL_155,I ride my bike.,1,1
RED_RL_155,I like cookies.,1,1
RED_RL_155,I like my friends.,1,2
RED_RL_155,I like gym class.,1,1
RED_RL_155,I go camping.,0,2
RED_RL_155,I like Batman.,0,2
RED_RL_155,I watch YouTube.,1,1
RED_RL_155,I play on the monkey bars.,1,2
RED_RL_155,I have been on a plane.,0,0
RED_RL_155,I have been to Disney World.,0,2
RED_RL_155,My favorite color is blue.,0,1
RED_RL_155,I go to the park.,1,1
RED_RL_155,I like cats.,1,1
RED_RL_155,I play checkers.,1,1
RED_RL_155,I play Minecraft.,0,2
RED_RL_155,I ride the bus.,1,1
RED_RL_155,I collect rocks.,-1,4
RED_RL_155,I like to dance.,0,0
RED_RL_155,I like football.,1,2
RED_RL_155,I like to play.,1,1
RED_RL_155,I have been to Baltimore.,1,2
RED_RL_155,I like to bake cookies.,1,2
RED_RL_155,I have a sister.,0,2
RED_RL_155,I like sushi.,0,0
RED_RL_155,I juggle.,0,1
RED_RL_155,I have been to California.,0,3
RED_RL_155,I read books.,1,2
RED_RL_155,I like iced tea.,1,2
RED_RL_155,I play computer games.,1,2
RED_RL_155,I like my family.,1,2
RED_RL_155,I like my friends.,1,1
RED_RL_155,I have a cat.,0,3
RED_RL_155,I like Justin Beiber.,0,1
RED_RL_155,I have board games.,1,1
RED_RL_155,I watch tv.,1,2
RED_RL_155,I ice skate.,0,3
RED_RL_155,I have been on a train.,1,1
RED_RL_155,I live in a house.,1,2
RED_RL_155,I play guitar.,0,2
RED_RL_155,I like vacations.,1,1
RED_RL_155,I play baseball.,1,2
RED_RL_155,I like Nickelodeon.,0,0
RED_RL_155,I have been to Canada,-1,2
RED_RL_155,I like the summer.,1,1
RED_RL_155,I go out to dinner.,1,2
RED_RL_155,I play football.,1,1
RED_RL_155,I watch Netflix.,0,2
RED_RL_155,I have an iPad.,1,1
RED_RL_155,I have been to Mexico.,0,0
RED_RL_155,I like cartoons.,0,2
RED_RL_155,I play clarinet.,0,2
RED_RL_155,I like rainbows.,1,2
RED_RL_155,I like the rain.,1,1
RED_RL_155,I like art class.,-1,2
RED_RL_155,I go on vacation.,1,1
RED_CAT_115,I have been to Baltimore.,1,2
RED_CAT_115,I have board games.,1,1
RED_CAT_115,I have been to California.,0,3
RED_CAT_115,I watch YouTube.,1,1
RED_CAT_115,I like Nickelodeon.,1,1
RED_CAT_115,I go camping.,1,2
RED_CAT_115,I collect rocks.,0,3
RED_CAT_115,I like school.,1,1
RED_CAT_115,I like to swim.,1,2
RED_CAT_115,I watch tv.,1,2
RED_CAT_115,I like my friends.,1,1
RED_CAT_115,I like recess.,1,2
RED_CAT_115,I have a bicycle.,1,1
RED_CAT_115,I go to the movies.,1,2
RED_CAT_115,I like science class.,1,1
RED_CAT_115,I go to the zoo.,1,2
RED_CAT_115,I like the zoo.,1,1
RED_CAT_115,I collect stamps.,0,2
RED_CAT_115,I like the beach.,1,1
RED_CAT_115,I like the rain.,0,0
RED_CAT_115,I like french fries.,1,2
RED_CAT_115,I go swimming.,1,2
RED_CAT_115,I like sleepovers.,1,2
RED_CAT_115,I go to museums.,1,1
RED_CAT_115,I like to read.,1,2
RED_CAT_115,I have been to Mexico.,0,1
RED_CAT_115,I play guitar.,0,2
RED_CAT_115,I like musicals.,1,1
RED_CAT_115,I play volleyball.,0,0
RED_CAT_115,I read magazines.,1,1
RED_CAT_115,I draw pictures.,1,1
RED_CAT_115,I go out to dinner.,1,2
RED_CAT_115,I like broccoli.,1,2
RED_CAT_115,My favorite color is blue.,1,1
RED_CAT_115,I play on the monkey bars.,1,2
RED_CAT_115,I can do the splits.,0,2
RED_CAT_115,I go hiking.,1,1
RED_CAT_115,I have a sister.,1,2
RED_CAT_115,I ride the bus.,1,1
RED_CAT_115,I play computer games.,1,2
RED_CAT_115,I like Starbucks,0,3
RED_CAT_115,I like cats.,1,1
RED_CAT_115,I can whistle.,1,3
RED_CAT_115,I ride my bike.,1,1
RED_CAT_115,I like to bake cookies.,1,2
RED_CAT_115,I like iced tea.,0,2
RED_CAT_115,I have been on a train.,0,1
RED_CAT_115,I like my family.,1,2
RED_CAT_115,I like YouTube.,1,2
RED_CAT_115,I go on vacation.,1,1
RED_CAT_115,I have an iPhone.,0,0
RED_CAT_115,I play Minecraft.,1,2
RED_CAT_115,I play piano.,0,1
RED_CAT_115,I like art class.,1,2
RED_CAT_115,I like cartoons.,1,2
RED_CAT_115,I play video games.,1,1
RED_CAT_115,I like rainbows.,1,2
RED_CAT_115,I like the aquarium.,1,1
RED_CAT_115,I have been to Canada,0,2
RED_CAT_115,I have a TV.,1,1
RED_CAT_115,I play football.,0,1
RED_CAT_115,I like vacations.,1,1
RED_CAT_115,I have an iPad.,1,1
RED_CAT_115,I have a brother.,1,2
RED_CAT_115,I like to play.,1,1
RED_CAT_115,I like Harry Potter.,1,3
RED_CAT_115,I like the snow.,1,1
RED_CAT_115,I like my friends.,1,2
RED_CAT_115,I go to the park.,1,1
RED_CAT_115,I like football.,1,2
RED_CAT_115,I live in a house.,1,2
RED_CAT_115,I play clarinet.,0,2
RED_CAT_115,I like movies.,1,1
RED_CAT_115,I have a dog.,1,1
RED_CAT_115,I have a cat.,0,3
RED_CAT_115,I play soccer.,0,2
RED_CAT_115,I watch Netflix.,1,2
RED_CAT_115,I paint pictures.,1,2
RED_CAT_115,I like Justin Beiber.,0,0
RED_CAT_115,I like gym class.,1,1
RED_CAT_115,I like chicken fingers.,1,2
RED_CAT_115,I have an XBox.,0,2
RED_CAT_115,I like Iron Man.,1,2
RED_CAT_115,I have been to Disney World.,1,2
RED_CAT_115,I like animals.,1,1
RED_CAT_115,I like to dance.,0,1
RED_CAT_115,I play board games.,1,2
RED_CAT_115,I like the summer.,1,1
RED_CAT_115,I like cookies.,1,1
RED_CAT_115,I ice skate.,0,3
RED_CAT_115,I like birthday parties.,1,2
RED_CAT_115,I have a backyard.,1,2
RED_CAT_115,I read books.,1,2
RED_CAT_115,I play baseball.,0,2
RED_CAT_115,I like sushi.,0,1
RED_CAT_115,I have books.,1,2
RED_CAT_115,I juggle.,0,0
RED_CAT_115,I have a pool.,0,1
RED_CAT_115,I have homework.,1,1
RED_CAT_115,I sing.,0,3
RED_CAT_115,I have been on a plane.,1,1
RED_CAT_115,I have a turtle.,0,2
RED_CAT_115,I play checkers.,0,0
RED_CAT_115,I like Batman.,1,2
RED_CAT_133,I like cartoons.,1,1
RED_CAT_133,I like chicken fingers.,0,0
RED_CAT_133,I juggle.,0,2
RED_CAT_133,I play piano.,0,2
RED_CAT_133,I like the snow.,1,2
RED_CAT_133,I have been to Mexico.,1,2
RED_CAT_133,I go out to dinner.,1,1
RED_CAT_133,I have been to Disney World.,0,1
RED_CAT_133,I like my friends.,1,2
RED_CAT_133,I play guitar.,0,0
RED_CAT_133,I go to the movies.,0,1
RED_CAT_133,I ice skate.,1,3
RED_CAT_133,I like to play.,1,2
RED_CAT_133,My favorite color is blue.,0,2
RED_CAT_133,I like vacations.,1,2
RED_CAT_133,I play volleyball.,0,2
RED_CAT_133,I go swimming.,1,1
RED_CAT_133,I like sushi.,0,2
RED_CAT_133,I like Iron Man.,0,0
RED_CAT_133,I like iced tea.,1,1
RED_CAT_133,I play baseball.,0,0
RED_CAT_133,I have a cat.,1,3
RED_CAT_133,I like art class.,1,1
RED_CAT_133,I like gym class.,1,2
RED_CAT_133,I have been to Baltimore.,1,1
RED_CAT_133,I watch YouTube.,1,2
RED_CAT_133,I go on vacation.,1,2
RED_CAT_133,I can do the splits.,0,1
RED_CAT_133,I go to the zoo.,0,0
RED_CAT_133,I go camping.,1,1
RED_CAT_133,I paint pictures.,0,1
RED_CAT_133,I like cookies.,1,2
RED_CAT_133,I go to the park.,0,2
RED_CAT_133,I like YouTube.,1,1
RED_CAT_133,I like the zoo.,1,2
RED_CAT_133,I have a dog.,1,2
RED_CAT_133,I collect stamps.,0,1
RED_CAT_133,I have been on a train.,1,2
RED_CAT_133,I read books.,1,1
RED_CAT_133,I play checkers.,0,2
RED_CAT_133,I like Harry Potter.,0,3
RED_CAT_133,I live in a house.,1,1
RED_CAT_133,I sing.,0,3
RED_CAT_133,I watch tv.,1,1
RED_CAT_133,I have a bicycle.,1,2
RED_CAT_133,I go hiking.,0,2
RED_CAT_133,I play board games.,0,1
RED_CAT_133,I have an iPad.,1,2
RED_CAT_133,I like Justin Beiber.,0,2
RED_CAT_133,I like broccoli.,1,1
RED_CAT_133,I like to read.,1,1
RED_CAT_133,I like Nickelodeon.,0,2
RED_CAT_133,I have books.,1,1
RED_CAT_133,I like science class.,1,2
RED_CAT_133,I like the summer.,1,2
RED_CAT_133,I play computer games.,0,0
RED_CAT_133,I draw pictures.,1,2
RED_CAT_133,I like my friends.,1,1
RED_CAT_133,I like the aquarium.,1,2
RED_CAT_133,I like football.,1,1
RED_CAT_133,I like Batman.,0,1
RED_CAT_133,I have been to Canada,0,0
RED_CAT_133,I have a sister.,0,1
RED_CAT_133,I ride the bus.,1,2
RED_CAT_133,I like birthday parties.,1,1
RED_CAT_133,I collect rocks.,0,3
RED_CAT_133,I have a brother.,1,1
RED_CAT_133,I have board games.,0,2
RED_CAT_133,I like to bake cookies.,-1,4
RED_CAT_133,I like animals.,1,2
RED_CAT_133,I have a TV.,1,2
RED_CAT_133,I like school.,1,2
RED_CAT_133,I have a turtle.,0,0
RED_CAT_133,I like recess.,1,1
RED_CAT_133,I can whistle.,0,3
RED_CAT_133,I like to dance.,0,2
RED_CAT_133,I like movies.,1,2
RED_CAT_133,I go to museums.,0,2
RED_CAT_133,I read magazines.,0,2
RED_CAT_133,I have a backyard.,1,1
RED_CAT_133,I have been to California.,0,3
RED_CAT_133,I play soccer.,0,1
RED_CAT_133,I like french fries.,1,1
RED_CAT_133,I have homework.,1,2
RED_CAT_133,I like Starbucks,0,3
RED_CAT_133,I play on the monkey bars.,0,0
RED_CAT_133,I play video games.,1,2
RED_CAT_133,I have been on a plane.,1,2
RED_CAT_133,I like rainbows.,0,1
RED_CAT_133,I play football.,1,2
RED_CAT_133,I play clarinet.,0,0
RED_CAT_133,I have a pool.,0,2
RED_CAT_133,I have an XBox.,1,1
RED_CAT_133,I have an iPhone.,0,2
RED_CAT_133,I like sleepovers.,1,1
RED_CAT_133,I like cats.,1,2
RED_CAT_133,I like to swim.,1,1
RED_CAT_133,I watch Netflix.,1,1
RED_CAT_133,I ride my bike.,1,2
RED_CAT_133,I like musicals.,0,2
RED_CAT_133,I like the rain.,-1,2
RED_CAT_133,I like my family.,1,1
RED_CAT_133,I like the beach.,1,2
RED_CAT_133,I play Minecraft.,0,1
RED_CAT_132,I play guitar.,0,0
RED_CAT_132,I like to read.,1,1
RED_CAT_132,I juggle.,0,2
RED_CAT_132,I like animals.,1,2
RED_CAT_132,I have homework.,1,2
RED_CAT_132,I draw pictures.,1,2
RED_CAT_132,I play soccer.,0,1
RED_CAT_132,I collect stamps.,0,1
RED_CAT_132,I play piano.,0,2
RED_CAT_132,I like chicken fingers.,1,1
RED_CAT_132,I have an XBox.,1,1
RED_CAT_132,I ice skate.,0,3
RED_CAT_132,I go hiking.,1,2
RED_CAT_132,I play video games.,1,2
RED_CAT_132,I like school.,0,2
RED_CAT_132,I like the aquarium.,1,2
RED_CAT_132,I have books.,1,1
RED_CAT_132,I ride my bike.,0,2
RED_CAT_132,I go camping.,1,1
RED_CAT_132,I live in a house.,1,1
RED_CAT_132,I play baseball.,1,1
RED_CAT_132,I have been to California.,-1,4
RED_CAT_132,I like Batman.,0,1
RED_CAT_132,I like the beach.,1,2
RED_CAT_132,I like cartoons.,1,1
RED_CAT_132,I like to play.,-1,2
RED_CAT_132,I ride the bus.,0,2
RED_CAT_132,I paint pictures.,0,1
RED_CAT_132,I have a brother.,1,1
RED_CAT_132,I have a turtle.,0,0
RED_CAT_132,I go to the movies.,1,1
RED_CAT_132,I watch YouTube.,1,2
RED_CAT_132,I like gym class.,1,2
RED_CAT_132,I like YouTube.,1,1
RED_CAT_132,I go on vacation.,1,2
RED_CAT_132,I go to museums.,1,2
RED_CAT_132,I like birthday parties.,1,1
RED_CAT_132,I like musicals.,0,2
RED_CAT_132,I like Iron Man.,1,1
RED_CAT_132,I go to the park.,1,2
RED_CAT_132,I like Starbucks,0,3
RED_CAT_132,I like recess.,1,1
RED_CAT_132,I sing.,1,3
RED_CAT_132,I go swimming.,1,1
RED_CAT_132,I have board games.,1,2
RED_CAT_132,I like cookies.,1,2
RED_CAT_132,I like iced tea.,1,1
RED_CAT_132,I like my friends.,1,2
RED_CAT_132,I like Justin Beiber.,0,2
RED_CAT_132,I like sleepovers.,1,1
RED_CAT_132,I go to the zoo.,1,1
RED_CAT_132,I have a dog.,0,2
RED_CAT_132,I play board games.,1,1
RED_CAT_132,I have been on a train.,1,2
RED_CAT_132,I like vacations.,1,2
RED_CAT_132,I play computer games.,1,1
RED_CAT_132,I like science class.,1,2
RED_CAT_132,I watch Netflix.,1,1
RED_CAT_132,I play volleyball.,0,2
RED_CAT_132,I play Minecraft.,1,1
RED_CAT_132,I like football.,1,1
RED_CAT_132,I play clarinet.,0,0
RED_CAT_132,I like french fries.,1,1
RED_CAT_132,My favorite color is blue.,0,2
RED_CAT_132,I can do the splits.,0,1
RED_CAT_132,I collect rocks.,0,3
RED_CAT_132,I like my friends.,1,1
RED_CAT_132,I read magazines.,0,2
RED_CAT_132,I like to bake cookies.,-1,4
RED_CAT_132,I have a pool.,0,2
RED_CAT_132,I have a TV.,1,2
RED_CAT_132,I like the summer.,1,2
RED_CAT_132,I have a backyard.,1,1
RED_CAT_132,I have a sister.,0,1
RED_CAT_132,I have a cat.,1,3
RED_CAT_132,I like cats.,1,2
RED_CAT_132,I play checkers.,0,2
RED_CAT_132,I like to dance.,0,2
RED_CAT_132,I like movies.,1,2
RED_CAT_132,I play on the monkey bars.,1,1
RED_CAT_132,I can whistle.,0,3
RED_CAT_132,I go out to dinner.,1,1
RED_CAT_132,I like rainbows.,0,1
RED_CAT_132,I have an iPhone.,0,2
RED_CAT_132,I like Harry Potter.,0,3
RED_CAT_132,I have been to Canada,-1,4
RED_CAT_132,I like the rain.,1,2
RED_CAT_132,I have been to Mexico.,0,2
RED_CAT_132,I watch tv.,1,1
RED_CAT_132,I have an iPad.,0,2
RED_CAT_132,I like broccoli.,1,1
RED_CAT_132,I have been on a plane.,1,2
RED_CAT_132,I like art class.,0,1
RED_CAT_132,I like the zoo.,1,2
RED_CAT_132,I like to swim.,1,1
RED_CAT_132,I like Nickelodeon.,1,2
RED_CAT_132,I read books.,1,1
RED_CAT_132,I have been to Baltimore.,1,1
RED_CAT_132,I like sushi.,0,2
RED_CAT_132,I play football.,0,2
RED_CAT_132,I have a bicycle.,0,2
RED_CAT_132,I like my family.,-1,4
RED_CAT_132,I like the snow.,1,2
RED_CAT_132,I have been to Disney World.,1,1
RED_RL_157,I read magazines.,1,2
RED_RL_157,I like to read.,1,1
RED_RL_157,I have a cat.,1,3
RED_RL_157,I like birthday parties.,1,1
RED_RL_157,I like art class.,1,1
RED_RL_157,I like the snow.,-1,2
RED_RL_157,I ice skate.,1,3
RED_RL_157,I have a backyard.,1,1
RED_RL_157,I like the rain.,1,2
RED_RL_157,I like animals.,1,2
RED_RL_157,I like french fries.,1,1
RED_RL_157,I watch YouTube.,1,2
RED_RL_157,I like YouTube.,1,1
RED_RL_157,I like musicals.,-1,2
RED_RL_157,I go to the movies.,1,1
RED_RL_157,My favorite color is blue.,0,2
RED_RL_157,I like to swim.,1,1
RED_RL_157,I play football.,0,2
RED_RL_157,I have been to Baltimore.,1,1
RED_RL_157,I play computer games.,1,1
RED_RL_157,I like cookies.,-1,2
RED_RL_157,I ride my bike.,1,2
RED_RL_157,I have board games.,1,2
RED_RL_157,I like recess.,1,1
RED_RL_157,I have a bicycle.,1,2
RED_RL_157,I watch tv.,1,1
RED_RL_157,I like movies.,1,2
RED_RL_157,I have books.,1,1
RED_RL_157,I play guitar.,0,0
RED_RL_157,I play on the monkey bars.,1,1
RED_RL_157,I like rainbows.,0,1
RED_RL_157,I like to dance.,0,2
RED_RL_157,I like the summer.,-1,2
RED_RL_157,I like chicken fingers.,-1,4
RED_RL_157,I like gym class.,1,2
RED_RL_157,I have a TV.,1,2
RED_RL_157,I have an XBox.,1,1
RED_RL_157,I like Nickelodeon.,1,2
RED_RL_157,I watch Netflix.,1,1
RED_RL_157,I have an iPhone.,0,2
RED_RL_157,I collect rocks.,0,3
RED_RL_157,I play soccer.,0,1
RED_RL_157,I have been to California.,0,3
RED_RL_157,I have a sister.,1,1
RED_RL_157,I juggle.,0,2
RED_RL_157,I have an iPad.,1,2
RED_RL_157,I can do the splits.,1,1
RED_RL_157,I like sushi.,1,2
RED_RL_157,I like Justin Beiber.,0,2
RED_RL_157,I like cartoons.,1,1
RED_RL_157,I like sleepovers.,-1,4
RED_RL_157,I have a dog.,0,2
RED_RL_157,I play board games.,1,1
RED_RL_157,I have been on a train.,1,2
RED_RL_157,I go on vacation.,1,2
RED_RL_157,I like my friends.,1,1
RED_RL_157,I have been to Mexico.,-1,2
RED_RL_157,I read books.,1,1
RED_RL_157,I like school.,1,2
RED_RL_157,I like my family.,1,1
RED_RL_157,I play Minecraft.,1,1
RED_RL_157,I play baseball.,0,0
RED_RL_157,I live in a house.,1,1
RED_RL_157,I go to the park.,1,2
RED_RL_157,I collect stamps.,0,1
RED_RL_157,I like Harry Potter.,0,3
RED_RL_157,I like to bake cookies.,1,1
RED_RL_157,I ride the bus.,1,2
RED_RL_157,I like Iron Man.,-1,4
RED_RL_157,I like my friends.,1,2
RED_RL_157,I like cats.,1,2
RED_RL_157,I like the aquarium.,1,2
RED_RL_157,I like broccoli.,1,1
RED_RL_157,I go out to dinner.,1,1
RED_RL_157,I sing.,0,3
RED_RL_157,I draw pictures.,-1,2
RED_RL_157,I have homework.,1,2
RED_RL_157,I go hiking.,-1,2
RED_RL_157,I go to the zoo.,1,1
RED_RL_157,I have a brother.,1,1
RED_RL_157,I like the beach.,-1,2
RED_RL_157,I like to play.,1,2
RED_RL_157,I like vacations.,1,2
RED_RL_157,I have been on a plane.,1,2
RED_RL_157,I paint pictures.,-1,4
RED_RL_157,I have been to Disney World.,1,1
RED_RL_157,I like science class.,1,2
RED_RL_157,I have been to Canada,0,0
RED_RL_157,I go swimming.,1,1
RED_RL_157,I like Starbucks,-1,4
RED_RL_157,I play piano.,0,2
RED_RL_157,I like the zoo.,1,2
RED_RL_157,I play checkers.,1,2
RED_RL_157,I play volleyball.,-1,2
RED_RL_157,I like football.,1,1
RED_RL_157,I go to museums.,-1,2
RED_RL_157,I play clarinet.,-1,4
RED_RL_157,I like iced tea.,1,1
RED_RL_157,I have a turtle.,0,0
RED_RL_157,I can whistle.,1,3
RED_RL_157,I like Batman.,1,1
RED_RL_157,I play video games.,-1,2
RED_RL_157,I go camping.,-1,4
RED_RL_157,I have a pool.,-1,2
RED_CHT_ASD_169,I go hiking.,1,2
RED_CHT_ASD_169,I have been to Canada,0,1
RED_CHT_ASD_169,I collect stamps.,1,1
RED_CHT_ASD_169,I go swimming.,1,1
RED_CHT_ASD_169,I like sleepovers.,1,1
RED_CHT_ASD_169,I read magazines.,0,2
RED_CHT_ASD_169,I play football.,0,2
RED_CHT_ASD_169,I play board games.,1,1
RED_CHT_ASD_169,I like sushi.,0,2
RED_CHT_ASD_169,I juggle.,0,2
RED_CHT_ASD_169,I like cartoons.,1,1
RED_CHT_ASD_169,I like gym class.,1,2
RED_CHT_ASD_169,I go to the movies.,1,1
RED_CHT_ASD_169,I like to play.,1,2
RED_CHT_ASD_169,I ice skate.,1,3
RED_CHT_ASD_169,I go camping.,1,1
RED_CHT_ASD_169,I sing.,1,3
RED_CHT_ASD_169,I like to swim.,1,1
RED_CHT_ASD_169,I like cats.,1,2
RED_CHT_ASD_169,I have a bicycle.,1,2
RED_CHT_ASD_169,I like broccoli.,0,1
RED_CHT_ASD_169,I like the beach.,1,2
RED_CHT_ASD_169,I like science class.,0,2
RED_CHT_ASD_169,I like football.,0,0
RED_CHT_ASD_169,I play soccer.,0,0
RED_CHT_ASD_169,I like the snow.,1,2
RED_CHT_ASD_169,I like to dance.,1,2
RED_CHT_ASD_169,I go out to dinner.,0,0
RED_CHT_ASD_169,I have been to California.,-1,4
RED_CHT_ASD_169,I like YouTube.,1,1
RED_CHT_ASD_169,I play on the monkey bars.,1,1
RED_CHT_ASD_169,I have a dog.,1,2
RED_CHT_ASD_169,I like Starbucks,0,3
RED_CHT_ASD_169,I have an XBox.,1,1
RED_CHT_ASD_169,I have been on a train.,1,2
RED_CHT_ASD_169,I like Justin Beiber.,0,2
RED_CHT_ASD_169,I like to bake cookies.,0,1
RED_CHT_ASD_169,I like movies.,1,2
RED_CHT_ASD_169,I play Minecraft.,1,1
RED_CHT_ASD_169,I like the rain.,0,2
RED_CHT_ASD_169,I go to the zoo.,1,1
RED_CHT_ASD_169,I have been on a plane.,1,2
RED_CHT_ASD_169,I like birthday parties.,1,1
RED_CHT_ASD_169,I like the summer.,1,2
RED_CHT_ASD_169,I like french fries.,1,1
RED_CHT_ASD_169,I paint pictures.,0,0
RED_CHT_ASD_169,I like school.,0,2
RED_CHT_ASD_169,I like the aquarium.,1,2
RED_CHT_ASD_169,I have a pool.,0,2
RED_CHT_ASD_169,I play clarinet.,0,1
RED_CHT_ASD_169,I have been to Mexico.,1,2
RED_CHT_ASD_169,I like Iron Man.,1,1
RED_CHT_ASD_169,I like art class.,0,0
RED_CHT_ASD_169,I have books.,1,1
RED_CHT_ASD_169,I watch YouTube.,1,2
RED_CHT_ASD_169,I like the zoo.,1,2
RED_CHT_ASD_169,I play piano.,1,2
RED_CHT_ASD_169,I have homework.,1,2
RED_CHT_ASD_169,I read books.,1,1
RED_CHT_ASD_169,I play computer games.,1,1
RED_CHT_ASD_169,I have board games.,1,2
RED_CHT_ASD_169,I like Batman.,-1,4
RED_CHT_ASD_169,I have a backyard.,1,1
RED_CHT_ASD_169,I collect rocks.,0,3
RED_CHT_ASD_169,I go on vacation.,1,2
RED_CHT_ASD_169,I like cookies.,1,2
RED_CHT_ASD_169,I have an iPad.,1,2
RED_CHT_ASD_169,I like musicals.,1,2
RED_CHT_ASD_169,I have a brother.,1,1
RED_CHT_ASD_169,I play video games.,1,2
RED_CHT_ASD_169,I watch tv.,1,1
RED_CHT_ASD_169,I play baseball.,1,1
RED_CHT_ASD_169,I live in a house.,1,1
RED_CHT_ASD_169,I can whistle.,0,3
RED_CHT_ASD_169,I watch Netflix.,1,1
RED_CHT_ASD_169,I ride my bike.,1,2
RED_CHT_ASD_169,I like rainbows.,-1,4
RED_CHT_ASD_169,I play checkers.,1,2
RED_CHT_ASD_169,I like to read.,1,1
RED_CHT_ASD_169,I play volleyball.,0,2
RED_CHT_ASD_169,I like Nickelodeon.,0,2
RED_CHT_ASD_169,I have been to Disney World.,1,1
RED_CHT_ASD_169,I ride the bus.,0,2
RED_CHT_ASD_169,I like my family.,1,1
RED_CHT_ASD_169,I have a TV.,1,2
RED_CHT_ASD_169,I play guitar.,0,1
RED_CHT_ASD_169,I have been to Baltimore.,1,1
RED_CHT_ASD_169,I like recess.,1,1
RED_CHT_ASD_169,I like chicken fingers.,1,1
RED_CHT_ASD_169,I go to museums.,-1,2
RED_CHT_ASD_169,I like my friends.,1,1
RED_CHT_ASD_169,I like Harry Potter.,1,3
RED_CHT_ASD_169,I can do the splits.,0,0
RED_CHT_ASD_169,I like animals.,1,2
RED_CHT_ASD_169,I like iced tea.,1,1
RED_CHT_ASD_169,I go to the park.,-1,2
RED_CHT_ASD_169,I have an iPhone.,1,2
RED_CHT_ASD_169,I draw pictures.,-1,2
RED_CHT_ASD_169,I have a sister.,1,1
RED_CHT_ASD_169,I have a turtle.,0,1
RED_CHT_ASD_169,I have a cat.,1,3
RED_CHT_ASD_169,I like vacations.,1,2
RED_CHT_ASD_169,I like my friends.,1,2
RED_CHT_ASD_169,My favorite color is blue.,1,2
RED_RL_160,I have been on a plane.,1,1
RED_RL_160,I have a dog.,0,0
RED_RL_160,I have an XBox.,0,2
RED_RL_160,I play clarinet.,0,2
RED_RL_160,I like my family.,1,2
RED_RL_160,I have a turtle.,0,2
RED_RL_160,I play checkers.,1,1
RED_RL_160,I juggle.,1,1
RED_RL_160,I like to read.,1,2
RED_RL_160,I like cats.,1,1
RED_RL_160,I have a bicycle.,1,1
RED_RL_160,I collect rocks.,1,3
RED_RL_160,I have a brother.,0,2
RED_RL_160,I go swimming.,1,2
RED_RL_160,I like birthday parties.,1,2
RED_RL_160,I collect stamps.,0,2
RED_RL_160,I like vacations.,1,1
RED_RL_160,I like chicken fingers.,0,2
RED_RL_160,I go hiking.,0,0
RED_RL_160,I like Justin Beiber.,0,1
RED_RL_160,I like musicals.,1,1
RED_RL_160,I have a cat.,1,3
RED_RL_160,I have board games.,1,1
RED_RL_160,I paint pictures.,0,2
RED_RL_160,I like sushi.,1,1
RED_RL_160,I like sleepovers.,1,2
RED_RL_160,I like Batman.,1,2
RED_RL_160,I like the zoo.,1,1
RED_RL_160,I go to museums.,1,1
RED_RL_160,I play football.,0,0
RED_RL_160,I like the beach.,1,1
RED_RL_160,I read books.,1,2
RED_RL_160,I have been to Disney World.,0,2
RED_RL_160,I like Nickelodeon.,-1,4
RED_RL_160,I go out to dinner.,1,2
RED_RL_160,I play computer games.,0,2
RED_RL_160,I like the summer.,1,1
RED_RL_160,I like cartoons.,1,2
RED_RL_160,I like to dance.,0,0
RED_RL_160,I like football.,0,2
RED_RL_160,I like Starbucks,1,3
RED_RL_160,I read magazines.,1,1
RED_RL_160,I can whistle.,1,3
RED_RL_160,I like the rain.,1,1
RED_RL_160,I like art class.,1,2
RED_RL_160,I go camping.,1,2
RED_RL_160,I like the snow.,1,1
RED_RL_160,I like to bake cookies.,1,2
RED_RL_160,I play Minecraft.,0,2
RED_RL_160,I play piano.,0,0
RED_RL_160,I have an iPad.,0,0
RED_RL_160,I like YouTube.,1,2
RED_RL_160,I like school.,1,1
RED_RL_160,I watch Netflix.,1,2
RED_RL_160,I like rainbows.,1,2
RED_RL_160,I have been to Mexico.,0,0
RED_RL_160,I play on the monkey bars.,1,2
RED_RL_160,I like science class.,1,1
RED_RL_160,I play board games.,1,2
RED_RL_160,I play volleyball.,0,1
RED_RL_160,I go to the park.,1,1
RED_RL_160,I ride my bike.,1,1
RED_RL_160,I play video games.,0,1
RED_RL_160,I like iced tea.,1,2
RED_RL_160,My favorite color is blue.,0,1
RED_RL_160,I ice skate.,1,3
RED_RL_160,I have a TV.,0,0
RED_RL_160,I have a sister.,1,2
RED_RL_160,I watch YouTube.,1,1
RED_RL_160,I play baseball.,0,2
RED_RL_160,I like to swim.,1,2
RED_RL_160,I have books.,1,2
RED_RL_160,I like cookies.,1,1
RED_RL_160,I ride the bus.,1,1
RED_RL_160,I sing.,0,3
RED_RL_160,I go to the zoo.,1,2
RED_RL_160,I go to the movies.,1,2
RED_RL_160,I have a backyard.,1,2
RED_RL_160,I live in a house.,1,2
RED_RL_160,I like animals.,1,1
RED_RL_160,I have been to California.,1,3
RED_RL_160,I like the aquarium.,1,1
RED_RL_160,I go on vacation.,1,1
RED_RL_160,I like french fries.,1,2
RED_RL_160,I like Harry Potter.,1,3
RED_RL_160,I draw pictures.,1,1
RED_RL_160,I watch tv.,0,2
RED_RL_160,I have been to Baltimore.,0,2
RED_RL_160,I have homework.,1,1
RED_RL_160,I like Iron Man.,1,2
RED_RL_160,I have been on a train.,1,1
RED_RL_160,I have been to Canada,1,2
RED_RL_160,I like movies.,1,1
RED_RL_160,I like recess.,1,2
RED_RL_160,I have a pool.,0,0
RED_RL_160,I like my friends.,1,2
RED_RL_160,I like to play.,1,1
RED_RL_160,I like my friends.,1,1
RED_RL_160,I play guitar.,0,2
RED_RL_160,I like broccoli.,0,2
RED_RL_160,I play soccer.,0,2
RED_RL_160,I like gym class.,1,1
RED_RL_160,I can do the splits.,0,2
RED_RL_160,I have an iPhone.,0,1
RED_CAT_117,I go on vacation.,1,1
RED_CAT_117,I play on the monkey bars.,0,2
RED_CAT_117,I collect stamps.,0,2
RED_CAT_117,I ride my bike.,1,1
RED_CAT_117,I play baseball.,1,2
RED_CAT_117,I like musicals.,1,1
RED_CAT_117,I go out to dinner.,1,2
RED_CAT_117,I like the zoo.,1,1
RED_CAT_117,I like the rain.,1,1
RED_CAT_117,I have a pool.,1,1
RED_CAT_117,I like Justin Beiber.,0,1
RED_CAT_117,I have been to Disney World.,0,2
RED_CAT_117,I like vacations.,1,1
RED_CAT_117,I like Starbucks,1,3
RED_CAT_117,I like animals.,1,1
RED_CAT_117,I like football.,0,2
RED_CAT_117,I play piano.,1,1
RED_CAT_117,I like to read.,1,2
RED_CAT_117,I play guitar.,0,2
RED_CAT_117,I like my family.,1,2
RED_CAT_117,I like cookies.,1,1
RED_CAT_117,I have homework.,1,1
RED_CAT_117,I can whistle.,0,3
RED_CAT_117,I like to bake cookies.,1,2
RED_CAT_117,I watch tv.,1,2
RED_CAT_117,I go to the zoo.,1,2
RED_CAT_117,I have been on a train.,1,1
RED_CAT_117,I like to dance.,1,1
RED_CAT_117,I can do the splits.,0,2
RED_CAT_117,I have a backyard.,1,2
RED_CAT_117,I like art class.,1,2
RED_CAT_117,I have been to Baltimore.,1,2
RED_CAT_117,I have an iPhone.,0,1
RED_CAT_117,I like the snow.,1,1
RED_CAT_117,I like sleepovers.,1,2
RED_CAT_117,I go hiking.,1,1
RED_CAT_117,My favorite color is blue.,0,1
RED_CAT_117,I like Harry Potter.,1,3
RED_CAT_117,I have a brother.,1,2
RED_CAT_117,I like birthday parties.,1,2
RED_CAT_117,I have books.,1,2
RED_CAT_117,I like french fries.,1,2
RED_CAT_117,I ride the bus.,1,1
RED_CAT_117,I have been to Canada,0,2
RED_CAT_117,I like cats.,0,0
RED_CAT_117,I play video games.,1,1
RED_CAT_117,I like my friends.,1,1
RED_CAT_117,I have been to California.,0,3
RED_CAT_117,I have board games.,1,1
RED_CAT_117,I paint pictures.,1,2
RED_CAT_117,I like sushi.,1,1
RED_CAT_117,I like cartoons.,1,2
RED_CAT_117,I like rainbows.,1,2
RED_CAT_117,I draw pictures.,1,1
RED_CAT_117,I sing.,1,3
RED_CAT_117,I like movies.,1,1
RED_CAT_117,I like the summer.,-1,4
RED_CAT_117,I have a sister.,0,2
RED_CAT_117,I ice skate.,0,3
RED_CAT_117,I go to museums.,1,1
RED_CAT_117,I play Minecraft.,1,2
RED_CAT_117,I watch Netflix.,0,2
RED_CAT_117,I juggle.,0,1
RED_CAT_117,I play computer games.,1,2
RED_CAT_117,I have been to Mexico.,0,0
RED_CAT_117,I like chicken fingers.,1,2
RED_CAT_117,I play checkers.,0,1
RED_CAT_117,I like Batman.,0,2
RED_CAT_117,I like to play.,1,1
RED_CAT_117,I go camping.,0,2
RED_CAT_117,I have been on a plane.,0,0
RED_CAT_117,I like science class.,-1,4
RED_CAT_117,I like broccoli.,1,2
RED_CAT_117,I like Iron Man.,1,2
RED_CAT_117,I play board games.,1,2
RED_CAT_117,I like the aquarium.,1,1
RED_CAT_117,I go to the movies.,1,2
RED_CAT_117,I like gym class.,1,1
RED_CAT_117,I live in a house.,1,2
RED_CAT_117,I like school.,1,1
RED_CAT_117,I like Nickelodeon.,0,0
RED_CAT_117,I have a dog.,1,1
RED_CAT_117,I like the beach.,1,1
RED_CAT_117,I like my friends.,1,2
RED_CAT_117,I have an XBox.,0,2
RED_CAT_117,I play football.,0,0
RED_CAT_117,I like iced tea.,1,2
RED_CAT_117,I like to swim.,1,2
RED_CAT_117,I go to the park.,1,1
RED_CAT_117,I like YouTube.,1,2
RED_CAT_117,I watch YouTube.,1,1
RED_CAT_117,I go swimming.,1,2
RED_CAT_117,I collect rocks.,0,3
RED_CAT_117,I play volleyball.,0,1
RED_CAT_117,I have a cat.,0,3
RED_CAT_117,I read magazines.,1,1
RED_CAT_117,I like recess.,1,2
RED_CAT_117,I read books.,1,2
RED_CAT_117,I have a bicycle.,1,1
RED_CAT_117,I have a turtle.,0,2
RED_CAT_117,I play soccer.,0,2
RED_CAT_117,I have a TV.,1,1
RED_CAT_117,I have an iPad.,0,0
RED_CAT_117,I play clarinet.,0,2
RED_RL_130,I like broccoli.,1,1
RED_RL_130,I have a turtle.,0,0
RED_RL_130,I play volleyball.,0,2
RED_RL_130,I draw pictures.,0,2
RED_RL_130,I like school.,1,2
RED_RL_130,I have been on a train.,1,2
RED_RL_130,I like art class.,0,1
RED_RL_130,I collect stamps.,0,1
RED_RL_130,I have a TV.,1,2
RED_RL_130,I like to bake cookies.,0,0
RED_RL_130,I have been to Disney World.,0,1
RED_RL_130,I ice skate.,0,3
RED_RL_130,I have a pool.,0,2
RED_RL_130,I have board games.,0,2
RED_RL_130,My favorite color is blue.,1,2
RED_RL_130,I juggle.,0,2
RED_RL_130,I go to the movies.,1,1
RED_RL_130,I have an iPad.,1,2
RED_RL_130,I like Iron Man.,1,1
RED_RL_130,I have books.,1,1
RED_RL_130,I go camping.,1,1
RED_RL_130,I sing.,0,3
RED_RL_130,I like my family.,1,1
RED_RL_130,I like the aquarium.,1,2
RED_RL_130,I have a backyard.,1,1
RED_RL_130,I have a dog.,1,2
RED_RL_130,I like the beach.,1,2
RED_RL_130,I like iced tea.,1,1
RED_RL_130,I have a brother.,0,0
RED_RL_130,I like my friends.,1,1
RED_RL_130,I like birthday parties.,1,1
RED_RL_130,I have been on a plane.,0,2
RED_RL_130,I have homework.,1,2
RED_RL_130,I like to read.,1,1
RED_RL_130,I read magazines.,1,2
RED_RL_130,I like my friends.,1,2
RED_RL_130,I can do the splits.,0,1
RED_RL_130,I like sushi.,1,2
RED_RL_130,I play guitar.,0,0
RED_RL_130,I like the rain.,1,2
RED_RL_130,I collect rocks.,0,3
RED_RL_130,I live in a house.,1,1
RED_RL_130,I can whistle.,1,3
RED_RL_130,I play Minecraft.,1,1
RED_RL_130,I go to the park.,1,2
RED_RL_130,I go to museums.,1,2
RED_RL_130,I play soccer.,0,1
RED_RL_130,I like to dance.,0,2
RED_RL_130,I have a bicycle.,1,2
RED_RL_130,I like YouTube.,1,1
RED_RL_130,I like chicken fingers.,1,1
RED_RL_130,I like animals.,1,2
RED_RL_130,I like football.,0,1
RED_RL_130,I like cats.,1,2
RED_RL_130,I play video games.,1,2
RED_RL_130,I play computer games.,1,1
RED_RL_130,I like science class.,1,2
RED_RL_130,I play clarinet.,-1,4
RED_RL_130,I have an iPhone.,0,2
RED_RL_130,I like recess.,1,1
RED_RL_130,I paint pictures.,0,1
RED_RL_130,I play on the monkey bars.,1,1
RED_RL_130,I watch tv.,1,1
RED_RL_130,I like the zoo.,1,2
RED_RL_130,I play board games.,0,1
RED_RL_130,I like Harry Potter.,1,3
RED_RL_130,I watch Netflix.,1,1
RED_RL_130,I like the snow.,1,2
RED_RL_130,I have been to Baltimore.,1,1
RED_RL_130,I ride my bike.,1,2
RED_RL_130,I go hiking.,1,2
RED_RL_130,I ride the bus.,1,2
RED_RL_130,I like sleepovers.,1,1
RED_RL_130,I have a sister.,1,1
RED_RL_130,I have been to California.,0,3
RED_RL_130,I like cookies.,1,2
RED_RL_130,I play checkers.,0,2
RED_RL_130,I like musicals.,1,2
RED_RL_130,I like Justin Beiber.,0,2
RED_RL_130,I have been to Canada,1,1
RED_RL_130,I have a cat.,1,3
RED_RL_130,I like french fries.,1,1
RED_RL_130,I have an XBox.,1,1
RED_RL_130,I like vacations.,1,2
RED_RL_130,I like Starbucks,1,3
RED_RL_130,I like to swim.,1,1
RED_RL_130,I like the summer.,1,2
RED_RL_130,I like to play.,1,2
RED_RL_130,I go swimming.,1,1
RED_RL_130,I like Nickelodeon.,0,2
RED_RL_130,I play baseball.,1,1
RED_RL_130,I watch YouTube.,1,2
RED_RL_130,I like rainbows.,1,1
RED_RL_130,I go on vacation.,1,2
RED_RL_130,I read books.,1,1
RED_RL_130,I play piano.,0,2
RED_RL_130,I like cartoons.,1,1
RED_RL_130,I go to the zoo.,1,1
RED_RL_130,I play football.,0,2
RED_RL_130,I have been to Mexico.,0,2
RED_RL_130,I like movies.,1,2
RED_RL_130,I like Batman.,1,1
RED_RL_130,I like gym class.,1,2
RED_RL_130,I go out to dinner.,1,1
RED_CHT_ASD_177,I like the rain.,0,2
RED_CHT_ASD_177,I like Iron Man.,1,1
RED_CHT_ASD_177,I have a cat.,1,3
RED_CHT_ASD_177,I collect stamps.,0,1
RED_CHT_ASD_177,I like my family.,1,1
RED_CHT_ASD_177,I like the snow.,1,2
RED_CHT_ASD_177,I like Harry Potter.,0,3
RED_CHT_ASD_177,I like broccoli.,0,0
RED_CHT_ASD_177,I like movies.,1,2
RED_CHT_ASD_177,I like Nickelodeon.,0,2
RED_CHT_ASD_177,I have a sister.,1,1
RED_CHT_ASD_177,I watch YouTube.,1,2
RED_CHT_ASD_177,I play on the monkey bars.,0,0
RED_CHT_ASD_177,I have been on a train.,1,2
RED_CHT_ASD_177,I play Minecraft.,0,1
RED_CHT_ASD_177,I play video games.,1,2
RED_CHT_ASD_177,I play guitar.,0,0
RED_CHT_ASD_177,I have a TV.,1,2
RED_CHT_ASD_177,I like to swim.,1,1
RED_CHT_ASD_177,I have a backyard.,1,1
RED_CHT_ASD_177,I like to play.,1,2
RED_CHT_ASD_177,I like animals.,1,2
RED_CHT_ASD_177,I like school.,1,2
RED_CHT_ASD_177,I have books.,1,1
RED_CHT_ASD_177,I have a bicycle.,1,2
RED_CHT_ASD_177,I like Batman.,0,1
RED_CHT_ASD_177,I like Justin Beiber.,0,2
RED_CHT_ASD_177,I like football.,1,1
RED_CHT_ASD_177,I like sleepovers.,1,1
RED_CHT_ASD_177,I like to bake cookies.,1,1
RED_CHT_ASD_177,I like art class.,0,1
RED_CHT_ASD_177,I have an iPad.,0,2
RED_CHT_ASD_177,I have homework.,1,2
RED_CHT_ASD_177,I like my friends.,1,1
RED_CHT_ASD_177,I like vacations.,1,2
RED_CHT_ASD_177,I like my friends.,1,2
RED_CHT_ASD_177,I like iced tea.,1,1
RED_CHT_ASD_177,I play piano.,0,2
RED_CHT_ASD_177,I like chicken fingers.,0,0
RED_CHT_ASD_177,I have an iPhone.,0,2
RED_CHT_ASD_177,I like Starbucks,1,3
RED_CHT_ASD_177,I go out to dinner.,1,1
RED_CHT_ASD_177,I sing.,0,3
RED_CHT_ASD_177,I like french fries.,1,1
RED_CHT_ASD_177,I play volleyball.,-1,2
RED_CHT_ASD_177,I draw pictures.,0,2
RED_CHT_ASD_177,I live in a house.,1,1
RED_CHT_ASD_177,I play football.,0,2
RED_CHT_ASD_177,I go on vacation.,1,2
RED_CHT_ASD_177,I like cartoons.,1,1
RED_CHT_ASD_177,I have a turtle.,0,0
RED_CHT_ASD_177,I like musicals.,0,2
RED_CHT_ASD_177,I play board games.,1,1
RED_CHT_ASD_177,I ride my bike.,1,2
RED_CHT_ASD_177,I go to the park.,1,2
RED_CHT_ASD_177,I like to read.,1,1
RED_CHT_ASD_177,I like science class.,1,2
RED_CHT_ASD_177,I have a brother.,0,0
RED_CHT_ASD_177,I like the beach.,1,2
RED_CHT_ASD_177,I have been to Disney World.,1,1
RED_CHT_ASD_177,I go swimming.,1,1
RED_CHT_ASD_177,I have been to Canada,1,1
RED_CHT_ASD_177,I like recess.,1,1
RED_CHT_ASD_177,My favorite color is blue.,0,2
RED_CHT_ASD_177,I have an XBox.,0,1
RED_CHT_ASD_177,I ice skate.,1,3
RED_CHT_ASD_177,I like YouTube.,1,1
RED_CHT_ASD_177,I ride the bus.,1,2
RED_CHT_ASD_177,I go to the zoo.,1,1
RED_CHT_ASD_177,I like sushi.,0,2
RED_CHT_ASD_177,I go to museums.,1,2
RED_CHT_ASD_177,I play checkers.,0,2
RED_CHT_ASD_177,I read books.,1,1
RED_CHT_ASD_177,I like birthday parties.,1,1
RED_CHT_ASD_177,I can whistle.,0,3
RED_CHT_ASD_177,I go hiking.,1,2
RED_CHT_ASD_177,I like the aquarium.,1,2
RED_CHT_ASD_177,I like cookies.,1,2
RED_CHT_ASD_177,I watch Netflix.,1,1
RED_CHT_ASD_177,I play computer games.,1,1
RED_CHT_ASD_177,I have board games.,1,2
RED_CHT_ASD_177,I have been on a plane.,1,2
RED_CHT_ASD_177,I juggle.,0,2
RED_CHT_ASD_177,I like to dance.,0,2
RED_CHT_ASD_177,I like rainbows.,0,1
RED_CHT_ASD_177,I go to the movies.,1,1
RED_CHT_ASD_177,I have been to Mexico.,0,2
RED_CHT_ASD_177,I play clarinet.,0,0
RED_CHT_ASD_177,I paint pictures.,0,1
RED_CHT_ASD_177,I collect rocks.,0,3
RED_CHT_ASD_177,I have a dog.,0,2
RED_CHT_ASD_177,I read magazines.,1,2
RED_CHT_ASD_177,I like the zoo.,1,2
RED_CHT_ASD_177,I like gym class.,1,2
RED_CHT_ASD_177,I play soccer.,0,1
RED_CHT_ASD_177,I have a pool.,0,2
RED_CHT_ASD_177,I have been to Baltimore.,1,1
RED_CHT_ASD_177,I watch tv.,1,1
RED_CHT_ASD_177,I play baseball.,1,1
RED_CHT_ASD_177,I have been to California.,1,3
RED_CHT_ASD_177,I can do the splits.,0,1
RED_CHT_ASD_177,I like the summer.,1,2
RED_CHT_ASD_177,I go camping.,1,1
RED_CHT_ASD_177,I like cats.,1,2
RED_CAT_111,I like birthday parties.,1,2
RED_CAT_111,I like Nickelodeon.,1,1
RED_CAT_111,I have a cat.,0,3
RED_CAT_111,I have board games.,1,1
RED_CAT_111,I go on vacation.,1,1
RED_CAT_111,I live in a house.,1,2
RED_CAT_111,I like Starbucks,0,3
RED_CAT_111,I go hiking.,0,0
RED_CAT_111,I like art class.,1,2
RED_CAT_111,I like sleepovers.,1,2
RED_CAT_111,I go to the park.,1,1
RED_CAT_111,I like my friends.,1,2
RED_CAT_111,I have been on a train.,1,1
RED_CAT_111,I like to read.,1,2
RED_CAT_111,I have homework.,1,1
RED_CAT_111,I have books.,1,2
RED_CAT_111,I have been on a plane.,0,0
RED_CAT_111,I have been to Baltimore.,1,2
RED_CAT_111,I watch YouTube.,1,1
RED_CAT_111,I like sushi.,0,0
RED_CAT_111,I like broccoli.,0,2
RED_CAT_111,I like YouTube.,1,2
RED_CAT_111,I play Minecraft.,1,2
RED_CAT_111,I like the aquarium.,1,1
RED_CAT_111,I like football.,0,2
RED_CAT_111,I like the zoo.,0,1
RED_CAT_111,I go to the movies.,1,2
RED_CAT_111,I like the snow.,1,1
RED_CAT_111,I like to play.,1,1
RED_CAT_111,I ride my bike.,0,0
RED_CAT_111,I read magazines.,0,1
RED_CAT_111,I play on the monkey bars.,0,2
RED_CAT_111,I play board games.,1,2
RED_CAT_111,I like my friends.,1,1
RED_CAT_111,I like french fries.,1,2
RED_CAT_111,I go to the zoo.,0,2
RED_CAT_111,I like the summer.,1,1
RED_CAT_111,I like Iron Man.,1,2
RED_CAT_111,I like cookies.,1,1
RED_CAT_111,I like Batman.,-1,2
RED_CAT_111,I collect rocks.,0,3
RED_CAT_111,I like movies.,1,1
RED_CAT_111,I have been to California.,0,3
RED_CAT_111,I like vacations.,1,1
RED_CAT_111,I like rainbows.,1,2
RED_CAT_111,I play baseball.,1,2
RED_CAT_111,I play checkers.,0,1
RED_CAT_111,I read books.,1,2
RED_CAT_111,I have a sister.,0,2
RED_CAT_111,I like to dance.,0,0
RED_CAT_111,I play football.,0,0
RED_CAT_111,I like cartoons.,1,2
RED_CAT_111,I have an iPhone.,0,1
RED_CAT_111,I have a backyard.,1,2
RED_CAT_111,I play soccer.,1,2
RED_CAT_111,I have a TV.,1,1
RED_CAT_111,I have been to Canada,1,2
RED_CAT_111,I have a dog.,0,0
RED_CAT_111,I have an XBox.,1,2
RED_CAT_111,I have a bicycle.,1,1
RED_CAT_111,I play video games.,1,1
RED_CAT_111,I like science class.,0,0
RED_CAT_111,I like the beach.,1,1
RED_CAT_111,I go out to dinner.,1,2
RED_CAT_111,I like school.,0,1
RED_CAT_111,I ice skate.,0,3
RED_CAT_111,I like cats.,0,0
RED_CAT_111,I have been to Disney World.,0,2
RED_CAT_111,I draw pictures.,1,1
RED_CAT_111,I have a brother.,1,2
RED_CAT_111,I like to bake cookies.,1,2
RED_CAT_111,I can do the splits.,1,2
RED_CAT_111,I like musicals.,1,1
RED_CAT_111,I play volleyball.,0,1
RED_CAT_111,I can whistle.,1,3
RED_CAT_111,I play computer games.,1,2
RED_CAT_111,I watch tv.,1,2
RED_CAT_111,I like chicken fingers.,-1,2
RED_CAT_111,I have been to Mexico.,0,0
RED_CAT_111,I have a pool.,0,0
RED_CAT_111,I like iced tea.,0,2
RED_CAT_111,I play guitar.,0,2
RED_CAT_111,I like recess.,1,2
RED_CAT_111,I go camping.,1,2
RED_CAT_111,I like the rain.,1,1
RED_CAT_111,I ride the bus.,0,1
RED_CAT_111,I play clarinet.,0,2
RED_CAT_111,I play piano.,0,0
RED_CAT_111,I juggle.,0,1
RED_CAT_111,I like Harry Potter.,1,3
RED_CAT_111,I like to swim.,1,2
RED_CAT_111,I like my family.,1,2
RED_CAT_111,I collect stamps.,0,2
RED_CAT_111,I go swimming.,1,2
RED_CAT_111,My favorite color is blue.,0,1
RED_CAT_111,I watch Netflix.,0,2
RED_CAT_111,I go to museums.,0,0
RED_CAT_111,I like gym class.,0,1
RED_CAT_111,I have an iPad.,1,1
RED_CAT_111,I sing.,0,3
RED_CAT_111,I like Justin Beiber.,0,1
RED_CAT_111,I paint pictures.,1,2
RED_CAT_111,I like animals.,1,1
RED_CAT_111,I have a turtle.,0,2
RED_CHT_ASD_168,I play computer games.,1,1
RED_CHT_ASD_168,I go on vacation.,1,2
RED_CHT_ASD_168,I have been on a train.,1,2
RED_CHT_ASD_168,I like rainbows.,1,1
RED_CHT_ASD_168,I like school.,0,2
RED_CHT_ASD_168,I like recess.,1,1
RED_CHT_ASD_168,I like my friends.,1,2
RED_CHT_ASD_168,I like Iron Man.,0,1
RED_CHT_ASD_168,I play on the monkey bars.,1,1
RED_CHT_ASD_168,I like Batman.,0,0
RED_CHT_ASD_168,I go camping.,0,1
RED_CHT_ASD_168,I like to dance.,0,2
RED_CHT_ASD_168,I like to read.,0,1
RED_CHT_ASD_168,I ice skate.,1,3
RED_CHT_ASD_168,I like birthday parties.,1,1
RED_CHT_ASD_168,I have been to Mexico.,0,2
RED_CHT_ASD_168,I like french fries.,1,1
RED_CHT_ASD_168,I ride the bus.,1,2
RED_CHT_ASD_168,I like movies.,1,2
RED_CHT_ASD_168,I have a pool.,0,2
RED_CHT_ASD_168,I play soccer.,0,0
RED_CHT_ASD_168,I like broccoli.,0,1
RED_CHT_ASD_168,I have been to California.,0,3
RED_CHT_ASD_168,I like Justin Beiber.,0,2
RED_CHT_ASD_168,I like sushi.,0,2
RED_CHT_ASD_168,I like the rain.,1,2
RED_CHT_ASD_168,I watch tv.,1,1
RED_CHT_ASD_168,I can do the splits.,0,0
RED_CHT_ASD_168,I like to play.,1,2
RED_CHT_ASD_168,I like the aquarium.,0,2
RED_CHT_ASD_168,I play piano.,1,2
RED_CHT_ASD_168,I like the snow.,1,2
RED_CHT_ASD_168,I like cartoons.,1,1
RED_CHT_ASD_168,I go to the zoo.,1,1
RED_CHT_ASD_168,I go to the park.,1,2
RED_CHT_ASD_168,I have a sister.,0,0
RED_CHT_ASD_168,I like to bake cookies.,1,1
RED_CHT_ASD_168,I collect rocks.,0,3
RED_CHT_ASD_168,I like the summer.,1,2
RED_CHT_ASD_168,I like cookies.,1,2
RED_CHT_ASD_168,I like musicals.,0,2
RED_CHT_ASD_168,I have an iPad.,0,2
RED_CHT_ASD_168,I have a turtle.,0,1
RED_CHT_ASD_168,I like vacations.,1,2
RED_CHT_ASD_168,I live in a house.,1,1
RED_CHT_ASD_168,I play clarinet.,0,1
RED_CHT_ASD_168,I paint pictures.,0,0
RED_CHT_ASD_168,I have a cat.,0,3
RED_CHT_ASD_168,I have been to Baltimore.,1,1
RED_CHT_ASD_168,I play football.,0,2
RED_CHT_ASD_168,I like football.,0,0
RED_CHT_ASD_168,I like the beach.,0,2
RED_CHT_ASD_168,I have been on a plane.,1,2
RED_CHT_ASD_168,I play board games.,1,1
RED_CHT_ASD_168,I can whistle.,1,3
RED_CHT_ASD_168,I like my friends.,0,1
RED_CHT_ASD_168,I have a brother.,0,1
RED_CHT_ASD_168,I have a dog.,0,2
RED_CHT_ASD_168,I like Starbucks,0,3
RED_CHT_ASD_168,I play Minecraft.,1,1
RED_CHT_ASD_168,I like science class.,1,2
RED_CHT_ASD_168,I have an iPhone.,0,2
RED_CHT_ASD_168,I like to swim.,1,1
RED_CHT_ASD_168,I juggle.,0,2
RED_CHT_ASD_168,I have books.,1,1
RED_CHT_ASD_168,I play video games.,1,2
RED_CHT_ASD_168,I like YouTube.,1,1
RED_CHT_ASD_168,I like Nickelodeon.,0,2
RED_CHT_ASD_168,I like art class.,0,0
RED_CHT_ASD_168,I read magazines.,0,2
RED_CHT_ASD_168,I collect stamps.,0,0
RED_CHT_ASD_168,I go out to dinner.,1,1
RED_CHT_ASD_168,I like the zoo.,0,2
RED_CHT_ASD_168,I have homework.,1,2
RED_CHT_ASD_168,I go to museums.,1,2
RED_CHT_ASD_168,I watch Netflix.,0,1
RED_CHT_ASD_168,I have a TV.,1,2
RED_CHT_ASD_168,I like sleepovers.,1,1
RED_CHT_ASD_168,I like animals.,1,2
RED_CHT_ASD_168,I like chicken fingers.,1,1
RED_CHT_ASD_168,I have an XBox.,0,0
RED_CHT_ASD_168,I go to the movies.,1,1
RED_CHT_ASD_168,I have a backyard.,1,1
RED_CHT_ASD_168,I have board games.,1,2
RED_CHT_ASD_168,I watch YouTube.,1,2
RED_CHT_ASD_168,I like iced tea.,0,0
RED_CHT_ASD_168,I draw pictures.,1,2
RED_CHT_ASD_168,I like gym class.,0,2
RED_CHT_ASD_168,I read books.,1,1
RED_CHT_ASD_168,I have a bicycle.,1,2
RED_CHT_ASD_168,I have been to Disney World.,0,0
RED_CHT_ASD_168,I ride my bike.,1,2
RED_CHT_ASD_168,I like Harry Potter.,0,3
RED_CHT_ASD_168,I have been to Canada,0,1
RED_CHT_ASD_168,I sing.,0,3
RED_CHT_ASD_168,I play baseball.,0,1
RED_CHT_ASD_168,I go hiking.,1,2
RED_CHT_ASD_168,I play checkers.,1,2
RED_CHT_ASD_168,I play guitar.,0,1
RED_CHT_ASD_168,I play volleyball.,0,2
RED_CHT_ASD_168,I like cats.,0,2
RED_CHT_ASD_168,I go swimming.,1,1
RED_CHT_ASD_168,I like my family.,1,1
RED_CHT_ASD_168,My favorite color is blue.,0,2
RED_CAT_107,I have a backyard.,1,2
RED_CAT_107,I have an iPad.,0,1
RED_CAT_107,I have an iPhone.,0,0
RED_CAT_107,I like the beach.,1,1
RED_CAT_107,I have a TV.,1,1
RED_CAT_107,I like my family.,1,2
RED_CAT_107,I like to bake cookies.,1,2
RED_CAT_107,I like the snow.,1,1
RED_CAT_107,I like broccoli.,1,2
RED_CAT_107,I play board games.,1,2
RED_CAT_107,I go to museums.,1,1
RED_CAT_107,I can do the splits.,0,2
RED_CAT_107,I read magazines.,1,1
RED_CAT_107,I play computer games.,1,2
RED_CAT_107,I like Harry Potter.,0,3
RED_CAT_107,I like science class.,1,1
RED_CAT_107,I can whistle.,0,3
RED_CAT_107,I like to dance.,0,1
RED_CAT_107,I play on the monkey bars.,0,2
RED_CAT_107,I like Batman.,1,2
RED_CAT_107,I like cookies.,1,1
RED_CAT_107,I watch tv.,1,2
RED_CAT_107,I like sleepovers.,1,2
RED_CAT_107,My favorite color is blue.,1,1
RED_CAT_107,I like school.,1,1
RED_CAT_107,I like recess.,0,2
RED_CAT_107,I like Iron Man.,0,2
RED_CAT_107,I juggle.,0,0
RED_CAT_107,I sing.,0,3
RED_CAT_107,I like my friends.,1,1
RED_CAT_107,I like sushi.,0,1
RED_CAT_107,I play baseball.,0,2
RED_CAT_107,I ice skate.,0,3
RED_CAT_107,I like the summer.,1,1
RED_CAT_107,I like my friends.,1,2
RED_CAT_107,I go swimming.,1,2
RED_CAT_107,I like to play.,1,1
RED_CAT_107,I have an XBox.,0,2
RED_CAT_107,I play checkers.,1,1
RED_CAT_107,I play Minecraft.,0,2
RED_CAT_107,I have been on a plane.,1,1
RED_CAT_107,I have a turtle.,0,2
RED_CAT_107,I have board games.,1,1
RED_CAT_107,I like birthday parties.,1,2
RED_CAT_107,I go on vacation.,1,1
RED_CAT_107,I go to the park.,1,1
RED_CAT_107,I like iced tea.,1,2
RED_CAT_107,I collect stamps.,0,2
RED_CAT_107,I go camping.,1,2
RED_CAT_107,I like Nickelodeon.,0,1
RED_CAT_107,I read books.,1,2
RED_CAT_107,I like cats.,0,1
RED_CAT_107,I like gym class.,0,0
RED_CAT_107,I ride the bus.,0,0
RED_CAT_107,I watch Netflix.,0,2
RED_CAT_107,I have books.,1,2
RED_CAT_107,I like YouTube.,0,2
RED_CAT_107,I like art class.,0,2
RED_CAT_107,I have a pool.,0,1
RED_CAT_107,I watch YouTube.,0,1
RED_CAT_107,I paint pictures.,0,2
RED_CAT_107,I like Justin Beiber.,0,0
RED_CAT_107,I go hiking.,1,1
RED_CAT_107,I like Starbucks,0,3
RED_CAT_107,I go out to dinner.,1,2
RED_CAT_107,I have been to Baltimore.,1,2
RED_CAT_107,I have been to Canada,0,2
RED_CAT_107,I like chicken fingers.,0,2
RED_CAT_107,I draw pictures.,0,1
RED_CAT_107,I like rainbows.,1,2
RED_CAT_107,I play video games.,0,0
RED_CAT_107,I like animals.,1,1
RED_CAT_107,I like the zoo.,1,1
RED_CAT_107,I have been to California.,0,3
RED_CAT_107,I have been to Mexico.,0,1
RED_CAT_107,I play guitar.,0,2
RED_CAT_107,I play volleyball.,0,0
RED_CAT_107,I have been to Disney World.,0,2
RED_CAT_107,I ride my bike.,1,1
RED_CAT_107,I like football.,0,2
RED_CAT_107,I go to the zoo.,1,2
RED_CAT_107,I like the aquarium.,1,1
RED_CAT_107,I have a sister.,1,2
RED_CAT_107,I like vacations.,1,1
RED_CAT_107,I have a brother.,0,2
RED_CAT_107,I like musicals.,1,1
RED_CAT_107,I have a dog.,0,1
RED_CAT_107,I have homework.,1,1
RED_CAT_107,I play piano.,1,1
RED_CAT_107,I like to read.,1,2
RED_CAT_107,I have been on a train.,1,1
RED_CAT_107,I collect rocks.,0,3
RED_CAT_107,I have a bicycle.,1,1
RED_CAT_107,I like to swim.,1,2
RED_CAT_107,I like movies.,1,1
RED_CAT_107,I play soccer.,0,2
RED_CAT_107,I go to the movies.,1,2
RED_CAT_107,I play clarinet.,0,2
RED_CAT_107,I like the rain.,1,1
RED_CAT_107,I play football.,0,1
RED_CAT_107,I have a cat.,0,3
RED_CAT_107,I live in a house.,1,2
RED_CAT_107,I like cartoons.,1,2
RED_CAT_107,I like french fries.,1,2
RED_CAT_110,I like gym class.,1,1
RED_CAT_110,I have been to Canada,0,2
RED_CAT_110,I paint pictures.,0,2
RED_CAT_110,I like my friends.,1,1
RED_CAT_110,I like broccoli.,0,2
RED_CAT_110,I like science class.,1,1
RED_CAT_110,I go swimming.,0,2
RED_CAT_110,I go on vacation.,1,1
RED_CAT_110,I like movies.,1,1
RED_CAT_110,I ride my bike.,0,0
RED_CAT_110,I play volleyball.,0,1
RED_CAT_110,I like Batman.,0,2
RED_CAT_110,I read magazines.,1,1
RED_CAT_110,I like Starbucks,1,3
RED_CAT_110,I watch YouTube.,1,1
RED_CAT_110,I watch tv.,1,2
RED_CAT_110,I have a pool.,0,0
RED_CAT_110,I play clarinet.,0,2
RED_CAT_110,I like my friends.,1,2
RED_CAT_110,I have books.,1,2
RED_CAT_110,I have a TV.,1,1
RED_CAT_110,I like school.,1,1
RED_CAT_110,I have a cat.,0,3
RED_CAT_110,I like Iron Man.,0,2
RED_CAT_110,I have a sister.,1,2
RED_CAT_110,I watch Netflix.,0,2
RED_CAT_110,I like sushi.,1,1
RED_CAT_110,I like musicals.,1,1
RED_CAT_110,I like art class.,1,2
RED_CAT_110,I like YouTube.,1,2
RED_CAT_110,I have an XBox.,0,2
RED_CAT_110,I like to swim.,0,2
RED_CAT_110,I like Justin Beiber.,1,1
RED_CAT_110,I have an iPhone.,0,1
RED_CAT_110,I have a turtle.,0,2
RED_CAT_110,I draw pictures.,1,1
RED_CAT_110,I have a bicycle.,1,1
RED_CAT_110,I like Harry Potter.,1,3
RED_CAT_110,I go to the zoo.,1,2
RED_CAT_110,I collect stamps.,0,2
RED_CAT_110,I like french fries.,1,2
RED_CAT_110,I like birthday parties.,1,2
RED_CAT_110,I like the summer.,1,1
RED_CAT_110,I like cartoons.,1,2
RED_CAT_110,I go to museums.,1,1
RED_CAT_110,I like the rain.,1,1
RED_CAT_110,I like cats.,1,1
RED_CAT_110,I sing.,0,3
RED_CAT_110,I like the snow.,1,1
RED_CAT_110,I live in a house.,1,2
RED_CAT_110,I play football.,0,0
RED_CAT_110,I like to bake cookies.,1,2
RED_CAT_110,I like football.,0,2
RED_CAT_110,I play piano.,1,1
RED_CAT_110,I can whistle.,0,3
RED_CAT_110,I have homework.,1,1
RED_CAT_110,I have board games.,1,1
RED_CAT_110,I play Minecraft.,0,2
RED_CAT_110,I ice skate.,0,3
RED_CAT_110,I have been on a plane.,1,1
RED_CAT_110,I play board games.,1,2
RED_CAT_110,I have a backyard.,1,2
RED_CAT_110,I ride the bus.,1,1
RED_CAT_110,I play computer games.,1,2
RED_CAT_110,I like animals.,1,1
RED_CAT_110,I go camping.,0,2
RED_CAT_110,I like the zoo.,1,1
RED_CAT_110,I can do the splits.,0,2
RED_CAT_110,I like to play.,0,0
RED_CAT_110,I like sleepovers.,0,2
RED_CAT_110,I like to dance.,1,1
RED_CAT_110,I have a dog.,0,0
RED_CAT_110,I like chicken fingers.,0,2
RED_CAT_110,I play on the monkey bars.,0,2
RED_CAT_110,I go to the movies.,1,2
RED_CAT_110,I play video games.,1,1
RED_CAT_110,I play soccer.,0,2
RED_CAT_110,I like the aquarium.,1,1
RED_CAT_110,I like rainbows.,1,2
RED_CAT_110,My favorite color is blue.,1,1
RED_CAT_110,I go hiking.,0,0
RED_CAT_110,I have an iPad.,0,0
RED_CAT_110,I play checkers.,1,1
RED_CAT_110,I read books.,1,2
RED_CAT_110,I have been to Disney World.,1,2
RED_CAT_110,I have been on a train.,1,1
RED_CAT_110,I like iced tea.,1,2
RED_CAT_110,I play baseball.,0,2
RED_CAT_110,I like the beach.,1,1
RED_CAT_110,I play guitar.,0,2
RED_CAT_110,I like cookies.,1,1
RED_CAT_110,I like my family.,1,2
RED_CAT_110,I collect rocks.,0,3
RED_CAT_110,I go to the park.,1,1
RED_CAT_110,I have been to California.,1,3
RED_CAT_110,I like vacations.,1,1
RED_CAT_110,I go out to dinner.,1,2
RED_CAT_110,I like to read.,1,2
RED_CAT_110,I juggle.,0,1
RED_CAT_110,I have a brother.,0,2
RED_CAT_110,I like recess.,1,2
RED_CAT_110,I like Nickelodeon.,0,0
RED_CAT_110,I have been to Mexico.,0,0
RED_CAT_110,I have been to Baltimore.,1,2
RED_RL_151,I go hiking.,-1,4
RED_RL_151,I like musicals.,-1,4
RED_RL_151,I play Minecraft.,0,2
RED_RL_151,I like to bake cookies.,1,2
RED_RL_151,I have been to Disney World.,0,2
RED_RL_151,I play guitar.,1,2
RED_RL_151,I have an iPhone.,-1,4
RED_RL_151,I like school.,1,1
RED_RL_151,I like YouTube.,0,2
RED_RL_151,I have been on a train.,1,1
RED_RL_151,I like the rain.,1,1
RED_RL_151,I like Harry Potter.,0,3
RED_RL_151,I like Iron Man.,1,2
RED_RL_151,I live in a house.,1,2
RED_RL_151,I go to the movies.,1,2
RED_RL_151,I watch tv.,1,2
RED_RL_151,My favorite color is blue.,1,1
RED_RL_151,I watch Netflix.,1,2
RED_RL_151,I like science class.,1,1
RED_RL_151,I like the aquarium.,1,1
RED_RL_151,I go to museums.,1,1
RED_RL_151,I sing.,0,3
RED_RL_151,I like the snow.,1,1
RED_RL_151,I paint pictures.,0,2
RED_RL_151,I like cookies.,1,1
RED_RL_151,I go camping.,0,2
RED_RL_151,I can do the splits.,0,2
RED_RL_151,I play checkers.,0,1
RED_RL_151,I like cats.,1,1
RED_RL_151,I watch YouTube.,1,1
RED_RL_151,I like vacations.,1,1
RED_RL_151,I have been to Baltimore.,1,2
RED_RL_151,I like my family.,1,2
RED_RL_151,I draw pictures.,1,1
RED_RL_151,I like birthday parties.,1,2
RED_RL_151,I have been to Canada,0,2
RED_RL_151,I read magazines.,1,1
RED_RL_151,I like chicken fingers.,1,2
RED_RL_151,I like my friends.,1,1
RED_RL_151,I play soccer.,0,2
RED_RL_151,I collect rocks.,1,3
RED_RL_151,I have a bicycle.,1,1
RED_RL_151,I have a cat.,0,3
RED_RL_151,I like gym class.,-1,4
RED_RL_151,I have a sister.,0,2
RED_RL_151,I go to the zoo.,-1,2
RED_RL_151,I like the beach.,1,1
RED_RL_151,I like sleepovers.,-1,2
RED_RL_151,I go swimming.,1,2
RED_RL_151,I like to play.,1,1
RED_RL_151,I have been on a plane.,1,1
RED_RL_151,I like to swim.,1,2
RED_RL_151,I play volleyball.,0,1
RED_RL_151,I have a brother.,1,2
RED_RL_151,I collect stamps.,0,2
RED_RL_151,I have a dog.,1,1
RED_RL_151,I like to read.,1,2
RED_RL_151,I have a TV.,1,1
RED_RL_151,I like iced tea.,0,2
RED_RL_151,I go on vacation.,1,1
RED_RL_151,I ride the bus.,0,1
RED_RL_151,I like Nickelodeon.,-1,4
RED_RL_151,I juggle.,0,1
RED_RL_151,I have an XBox.,0,2
RED_RL_151,I go to the park.,1,1
RED_RL_151,I like Starbucks,1,3
RED_RL_151,I have a pool.,0,0
RED_RL_151,I like football.,0,2
RED_RL_151,I like to dance.,-1,4
RED_RL_151,I have a backyard.,1,2
RED_RL_151,I like broccoli.,1,2
RED_RL_151,I like french fries.,1,2
RED_RL_151,I like animals.,1,1
RED_RL_151,I play video games.,1,1
RED_RL_151,I can whistle.,1,3
RED_RL_151,I play on the monkey bars.,1,2
RED_RL_151,I like Batman.,1,2
RED_RL_151,I play baseball.,0,2
RED_CHT_ASD_170,I like YouTube.,1,2
RED_CHT_ASD_170,I have been to Mexico.,0,1
RED_CHT_ASD_170,I like gym class.,1,1
RED_CHT_ASD_170,I read magazines.,0,0
RED_CHT_ASD_170,I have been on a plane.,0,1
RED_CHT_ASD_170,I like art class.,1,2
RED_CHT_ASD_170,I like cartoons.,1,2
RED_CHT_ASD_170,I like movies.,1,1
RED_CHT_ASD_170,I play guitar.,0,2
RED_CHT_ASD_170,I have a sister.,1,2
RED_CHT_ASD_170,I like to dance.,0,1
RED_CHT_ASD_170,I like my family.,1,2
RED_CHT_ASD_170,I like the beach.,1,1
RED_CHT_ASD_170,I go to the zoo.,1,2
RED_CHT_ASD_170,I ice skate.,0,3
RED_CHT_ASD_170,I have a pool.,0,1
RED_CHT_ASD_170,I can whistle.,1,3
RED_CHT_ASD_170,I like cats.,1,1
RED_CHT_ASD_170,I like my friends.,1,2
RED_CHT_ASD_170,I like iced tea.,1,2
RED_CHT_ASD_170,I go hiking.,1,1
RED_CHT_ASD_170,I like rainbows.,1,2
RED_CHT_ASD_170,I like to read.,1,2
RED_CHT_ASD_170,I like the rain.,-1,4
RED_CHT_ASD_170,I like the summer.,1,1
RED_CHT_ASD_170,I play soccer.,0,2
RED_CHT_ASD_170,I play clarinet.,0,2
RED_CHT_ASD_170,I juggle.,0,0
RED_CHT_ASD_170,I have a cat.,0,3
RED_CHT_ASD_170,I like science class.,1,1
RED_CHT_ASD_170,I like cookies.,1,1
RED_CHT_ASD_170,I like to swim.,1,2
RED_CHT_ASD_170,I like Harry Potter.,1,3
RED_CHT_ASD_170,I go to the park.,1,1
RED_CHT_ASD_170,I like sleepovers.,1,2
RED_CHT_ASD_170,I like Batman.,1,2
RED_CHT_ASD_170,I go to museums.,0,1
RED_CHT_ASD_170,I play board games.,0,2
RED_CHT_ASD_170,I play volleyball.,0,0
RED_CHT_ASD_170,I have been to Disney World.,0,2
RED_CHT_ASD_170,I play football.,1,1
RED_CHT_ASD_170,I have been to Baltimore.,1,2
RED_CHT_ASD_170,I have homework.,1,1
RED_CHT_ASD_170,I collect stamps.,0,2
RED_CHT_ASD_170,I have board games.,1,1
RED_CHT_ASD_170,I play video games.,1,1
RED_CHT_ASD_170,I like recess.,1,2
RED_CHT_ASD_170,I can do the splits.,0,2
RED_CHT_ASD_170,I like Iron Man.,0,2
RED_CHT_ASD_170,I have a TV.,1,1
RED_CHT_ASD_170,I have a brother.,1,2
RED_CHT_ASD_170,I like Nickelodeon.,1,1
RED_CHT_ASD_170,I like school.,1,1
RED_CHT_ASD_170,I go on vacation.,1,1
RED_CHT_ASD_170,I have a turtle.,0,2
RED_CHT_ASD_170,I like french fries.,1,2
RED_CHT_ASD_170,I read books.,1,2
RED_CHT_ASD_170,I play Minecraft.,0,2
RED_CHT_ASD_170,I draw pictures.,1,1
RED_CHT_ASD_170,I like animals.,1,1
RED_CHT_ASD_170,I watch tv.,1,2
RED_CHT_ASD_170,I like the snow.,1,1
RED_CHT_ASD_170,I ride my bike.,1,1
RED_CHT_ASD_170,I collect rocks.,0,3
RED_CHT_ASD_170,I go swimming.,1,2
RED_CHT_ASD_170,I have been to Canada,0,2
RED_CHT_ASD_170,I play computer games.,1,2
RED_CHT_ASD_170,I play baseball.,0,2
RED_CHT_ASD_170,I have a dog.,1,1
RED_CHT_ASD_170,I paint pictures.,0,2
RED_CHT_ASD_170,I like Justin Beiber.,0,0
RED_CHT_ASD_170,I play piano.,0,1
RED_CHT_ASD_170,I have an iPhone.,1,1
RED_CHT_ASD_170,I have been to California.,0,3
RED_CHT_ASD_170,I like to play.,1,1
RED_CHT_ASD_170,I have a backyard.,1,2
RED_CHT_ASD_170,My favorite color is blue.,1,1
RED_CHT_ASD_170,I like birthday parties.,1,2
RED_RL_119,I live in a house.,1,2
RED_RL_119,I go hiking.,1,1
RED_RL_119,I can whistle.,0,3
RED_RL_119,I play volleyball.,0,1
RED_RL_119,I like the summer.,1,1
RED_RL_119,I like rainbows.,1,2
RED_RL_119,I like Harry Potter.,1,3
RED_RL_119,I like to dance.,0,0
RED_RL_119,I play Minecraft.,1,2
RED_RL_119,I have a backyard.,1,2
RED_RL_119,I have homework.,1,1
RED_RL_119,I have been to Canada,1,2
RED_RL_119,I have a dog.,0,0
RED_RL_119,I like chicken fingers.,1,2
RED_RL_119,My favorite color is blue.,0,1
RED_RL_119,I have an XBox.,0,2
RED_RL_119,I have a pool.,0,0
RED_RL_119,I watch Netflix.,0,2
RED_RL_119,I like musicals.,0,0
RED_RL_119,I like sushi.,0,0
RED_RL_119,I like to read.,1,2
RED_RL_119,I play baseball.,0,2
RED_RL_119,I have a sister.,1,2
RED_RL_119,I have a bicycle.,1,1
RED_RL_119,I like iced tea.,0,2
RED_RL_119,I like school.,0,1
RED_RL_119,I can do the splits.,0,2
RED_RL_119,I read magazines.,1,1
RED_RL_119,I have been to Mexico.,0,0
RED_RL_119,I have been on a train.,1,1
RED_RL_119,I like movies.,1,1
RED_RL_119,I have a turtle.,0,2
RED_RL_119,I have been to Disney World.,0,2
RED_RL_119,I have been on a plane.,1,1
RED_RL_119,I play board games.,1,2
RED_RL_119,I play computer games.,1,2
RED_RL_119,I like the rain.,0,1
RED_RL_119,I like cartoons.,0,2
RED_RL_119,I like cookies.,1,1
RED_RL_119,I like football.,0,2
RED_RL_119,I ice skate.,1,3
RED_RL_119,I play checkers.,0,1
RED_RL_119,I have a cat.,0,3
RED_RL_119,I like the zoo.,1,1
RED_RL_119,I have books.,1,2
RED_RL_119,I go camping.,1,2
RED_RL_119,I play video games.,1,1
RED_RL_119,I play guitar.,0,2
RED_RL_119,I collect stamps.,0,2
RED_RL_119,I watch YouTube.,1,1
RED_RL_119,I ride my bike.,1,1
RED_RL_119,I like to bake cookies.,0,2
RED_RL_119,I like the beach.,1,1
RED_RL_119,I like to swim.,1,2
RED_RL_119,I like recess.,1,2
RED_RL_119,I have a TV.,1,1
RED_RL_119,I like broccoli.,1,2
RED_RL_119,I play piano.,0,0
RED_RL_119,I play soccer.,1,2
RED_RL_119,I go to the park.,1,1
RED_RL_119,I go on vacation.,1,1
RED_RL_119,I like Nickelodeon.,0,0
RED_RL_119,I like the aquarium.,1,1
RED_RL_119,I like birthday parties.,1,2
RED_RL_119,I like Justin Beiber.,0,1
RED_RL_119,I like Starbucks,0,3
RED_RL_119,I like to play.,1,1
RED_RL_119,I watch tv.,0,2
RED_RL_119,I go to museums.,1,1
RED_RL_119,I like my friends.,1,2
RED_RL_119,I play clarinet.,0,2
RED_RL_119,I like my family.,1,2
RED_RL_119,I like animals.,1,1
RED_RL_119,I have an iPhone.,0,1
RED_RL_119,I have been to California.,0,3
RED_RL_119,I like sleepovers.,1,2
RED_RL_119,I like Batman.,0,2
RED_RL_119,I play on the monkey bars.,0,2
RED_CAT_128,I play clarinet.,0,2
RED_CAT_128,I like gym class.,1,1
RED_CAT_128,I have been to California.,0,3
RED_CAT_128,I have been to Mexico.,0,1
RED_CAT_128,I have a dog.,1,1
RED_CAT_128,I play guitar.,0,2
RED_CAT_128,I like Starbucks,1,3
RED_CAT_128,I like the snow.,1,1
RED_CAT_128,I go to the zoo.,0,2
RED_CAT_128,I have books.,1,2
RED_CAT_128,I like science class.,0,1
RED_CAT_128,I play Minecraft.,0,2
RED_CAT_128,I have homework.,1,1
RED_CAT_128,I like recess.,1,2
RED_CAT_128,I have been on a train.,1,1
RED_CAT_128,I like YouTube.,1,2
RED_CAT_128,I like the beach.,1,1
RED_CAT_128,I have a sister.,0,2
RED_CAT_128,I go to the park.,1,1
RED_CAT_128,I like the zoo.,0,0
RED_CAT_128,I have been to Disney World.,0,2
RED_CAT_128,I play board games.,1,2
RED_CAT_128,I play baseball.,0,2
RED_CAT_128,I go hiking.,1,1
RED_CAT_128,I like to bake cookies.,1,2
RED_CAT_128,I like musicals.,0,1
RED_CAT_128,I like cartoons.,0,2
RED_CAT_128,I have been on a plane.,1,1
RED_CAT_128,I like vacations.,1,1
RED_CAT_128,I like the summer.,1,1
RED_CAT_128,I like to play.,1,1
RED_CAT_128,I like birthday parties.,1,2
RED_CAT_128,I go camping.,1,2
RED_CAT_128,I like the aquarium.,1,1
RED_CAT_128,I have been to Baltimore.,1,2
RED_CAT_128,I go swimming.,1,2
RED_CAT_128,I have a pool.,0,1
RED_CAT_128,I watch tv.,1,2
RED_CAT_128,I go on vacation.,1,1
RED_CAT_128,I like to read.,1,2
RED_CAT_128,I ice skate.,0,3
RED_CAT_128,I play football.,0,1
RED_CAT_128,I have a cat.,1,3
RED_CAT_128,I have a TV.,1,1
RED_CAT_128,I play computer games.,1,2
RED_CAT_128,I like football.,0,2
RED_CAT_128,I play piano.,0,1
RED_CAT_128,I like iced tea.,1,2
RED_CAT_128,I like broccoli.,0,2
RED_CAT_128,I ride the bus.,0,0
RED_CAT_128,I play video games.,1,1
RED_CAT_128,I live in a house.,1,2
RED_CAT_128,I like animals.,1,1
RED_CAT_128,I like french fries.,1,2
RED_CAT_128,I like my friends.,1,2
RED_CAT_128,I like movies.,1,1
RED_CAT_128,I have an XBox.,1,2
RED_CAT_128,I like school.,0,0
RED_CAT_128,I like sleepovers.,1,2
RED_CAT_128,I ride my bike.,0,1
RED_CAT_128,I like to dance.,0,1
RED_CAT_128,I have a bicycle.,0,0
RED_CAT_128,I go to museums.,0,1
RED_CAT_128,I watch Netflix.,1,2
RED_CAT_128,I like my friends.,1,1
RED_CAT_128,I collect rocks.,0,3
RED_CAT_128,I like the rain.,1,1
RED_CAT_128,I like Iron Man.,1,2
RED_CAT_128,I play checkers.,0,0
RED_CAT_128,I like my family.,1,2
RED_CAT_128,I like art class.,1,2
RED_CAT_128,I read books.,1,2
RED_CAT_128,I play volleyball.,0,0
RED_CAT_128,I like Nickelodeon.,0,1
RED_CAT_128,I sing.,0,3
RED_CAT_128,I go out to dinner.,1,2
RED_CAT_128,I play on the monkey bars.,0,2
RED_CAT_128,I can do the splits.,0,2
RED_CAT_124,I like Nickelodeon.,0,1
RED_CAT_124,I have books.,1,2
RED_CAT_124,I have a backyard.,1,2
RED_CAT_124,I play video games.,1,1
RED_CAT_124,I go swimming.,1,2
RED_CAT_124,I like Justin Beiber.,0,0
RED_CAT_124,I play on the monkey bars.,1,2
RED_CAT_124,I like science class.,1,1
RED_CAT_124,I like my friends.,1,1
RED_CAT_124,I play checkers.,0,0
RED_CAT_124,I ride my bike.,0,1
RED_CAT_124,I like cartoons.,1,2
RED_CAT_124,I like cats.,0,1
RED_CAT_124,I like Harry Potter.,1,3
RED_CAT_124,I juggle.,0,0
RED_CAT_124,I like Iron Man.,1,2
RED_CAT_124,I go on vacation.,1,1
RED_CAT_124,I go out to dinner.,1,2
RED_CAT_124,I like rainbows.,0,2
RED_CAT_124,I go to the zoo.,0,2
RED_CAT_124,I like vacations.,1,1
RED_CAT_124,I have been on a plane.,1,1
RED_CAT_124,I have a cat.,0,3
RED_CAT_124,I live in a house.,1,2
RED_CAT_124,I like my friends.,1,2
RED_CAT_124,I play board games.,1,2
RED_CAT_124,I have an iPhone.,-1,4
RED_CAT_124,I have a bicycle.,1,1
RED_CAT_124,I have been to Baltimore.,1,2
RED_CAT_124,I like art class.,1,2
RED_CAT_124,I like to swim.,1,2
RED_CAT_124,I have a sister.,1,2
RED_CAT_124,I go hiking.,0,1
RED_CAT_124,I like to play.,1,1
RED_CAT_124,I play Minecraft.,1,2
RED_CAT_124,I like the beach.,1,1
RED_CAT_124,I draw pictures.,0,1
RED_CAT_124,I collect rocks.,0,3
RED_CAT_124,I watch tv.,1,2
RED_CAT_124,I like sleepovers.,1,2
RED_CAT_124,I like YouTube.,1,2
RED_CAT_124,I like broccoli.,0,2
RED_CAT_124,I have a pool.,0,1
RED_CAT_124,I like french fries.,1,2
RED_CAT_124,I have board games.,1,1
RED_CAT_124,I play piano.,1,1
RED_CAT_124,I like the rain.,0,0
RED_CAT_124,I sing.,1,3
RED_CAT_124,I go to museums.,0,1
RED_CAT_124,I like to bake cookies.,1,2
RED_CAT_124,I ride the bus.,1,1
RED_CAT_124,I like my family.,1,2
RED_CAT_124,I play baseball.,1,2
RED_CAT_124,My favorite color is blue.,1,1
RED_CAT_124,I have been to California.,0,3
RED_CAT_124,I like cookies.,1,1
RED_CAT_124,I like animals.,1,1
RED_CAT_124,I play clarinet.,0,2
RED_CAT_124,I ice skate.,0,3
RED_CAT_124,I like the aquarium.,1,1
RED_CAT_124,I have a turtle.,0,2
RED_CAT_124,I like birthday parties.,1,2
RED_CAT_124,I have a TV.,1,1
RED_CAT_124,I like football.,0,2
RED_CAT_124,I like the summer.,1,1
RED_CAT_124,I like recess.,1,2
RED_CAT_124,I like to dance.,0,1
RED_CAT_124,I read books.,1,2
RED_CAT_124,I like the zoo.,0,0
RED_CAT_124,I have been to Disney World.,1,2
RED_CAT_124,I like gym class.,1,1
RED_CAT_124,I have homework.,1,1
RED_CAT_124,I like Batman.,0,2
RED_CAT_124,I play soccer.,0,2
RED_CAT_124,I play guitar.,0,2
RED_CAT_124,I have a dog.,0,1
RED_CAT_124,I go camping.,1,2
RED_CAT_124,I have been to Mexico.,0,1
RED_CHT_ASD_171,I have an iPhone.,0,2
RED_CHT_ASD_171,I play on the monkey bars.,1,1
RED_CHT_ASD_171,I sing.,1,3
RED_CHT_ASD_171,I go out to dinner.,1,1
RED_CHT_ASD_171,I paint pictures.,0,1
RED_CHT_ASD_171,I like movies.,1,2
RED_CHT_ASD_171,I ice skate.,0,3
RED_CHT_ASD_171,I have been to Baltimore.,1,1
RED_CHT_ASD_171,I ride the bus.,0,2
RED_CHT_ASD_171,I have a TV.,1,2
RED_CHT_ASD_171,I like rainbows.,1,1
RED_CHT_ASD_171,I have a dog.,1,2
RED_CHT_ASD_171,I like chicken fingers.,1,1
RED_CHT_ASD_171,I have been to Mexico.,0,2
RED_CHT_ASD_171,I live in a house.,1,1
RED_CHT_ASD_171,I like the aquarium.,1,2
RED_CHT_ASD_171,I play baseball.,1,1
RED_CHT_ASD_171,I watch YouTube.,1,2
RED_CHT_ASD_171,I like sleepovers.,1,1
RED_CHT_ASD_171,I go camping.,1,1
RED_CHT_ASD_171,I like to play.,1,2
RED_CHT_ASD_171,I have a pool.,0,2
RED_CHT_ASD_171,I have board games.,1,2
RED_CHT_ASD_171,I have an XBox.,0,1
RED_CHT_ASD_171,I like the summer.,1,2
RED_CHT_ASD_171,I like Batman.,1,1
RED_CHT_ASD_171,I like the rain.,0,2
RED_CHT_ASD_171,I go to the movies.,1,1
RED_CHT_ASD_171,I have a backyard.,0,0
RED_CHT_ASD_171,I like to swim.,1,1
RED_CHT_ASD_171,I collect stamps.,0,1
RED_CHT_ASD_171,I like to dance.,0,2
RED_CHT_ASD_171,I like the snow.,1,2
RED_CHT_ASD_171,I play guitar.,0,0
RED_CHT_ASD_171,I juggle.,0,2
RED_CHT_ASD_171,I like science class.,0,2
RED_CHT_ASD_171,I play soccer.,0,1
RED_CHT_ASD_171,I have been on a plane.,0,2
RED_CHT_ASD_171,I watch Netflix.,1,1
RED_CHT_ASD_171,I have a bicycle.,1,2
RED_CHT_ASD_171,I like Starbucks,1,3
RED_CHT_ASD_171,I have books.,1,1
RED_CHT_ASD_171,I can whistle.,1,3
RED_CHT_ASD_171,I like birthday parties.,1,1
RED_CHT_ASD_171,I play video games.,1,2
RED_CHT_ASD_171,I have been on a train.,1,2
RED_CHT_ASD_171,I like art class.,1,1
RED_CHT_ASD_171,I like sushi.,0,2
RED_CHT_ASD_171,I play volleyball.,-1,2
RED_CHT_ASD_171,I have been to Canada,1,1
RED_CHT_ASD_171,I read books.,1,1
RED_CHT_ASD_171,I draw pictures.,1,2
RED_CHT_ASD_171,I like recess.,1,1
RED_CHT_ASD_171,I go to museums.,1,2
RED_CHT_ASD_171,I go to the park.,1,2
RED_CHT_ASD_171,I like cartoons.,1,1
RED_CHT_ASD_171,I ride my bike.,1,2
RED_CHT_ASD_171,I play clarinet.,0,0
RED_CHT_ASD_171,I like the beach.,1,2
RED_CHT_ASD_171,I like football.,1,1
RED_CHT_ASD_171,I play board games.,1,1
RED_CHT_ASD_171,I like to read.,1,1
RED_CHT_ASD_171,I play Minecraft.,1,1
RED_CHT_ASD_171,I like school.,1,2
RED_CHT_ASD_171,I have been to Disney World.,0,1
RED_CHT_ASD_171,I like Harry Potter.,1,3
RED_CHT_ASD_171,I go to the zoo.,1,1
RED_CHT_ASD_171,I like vacations.,1,2
RED_CHT_ASD_171,I have a turtle.,0,0
RED_CHT_ASD_171,I like cookies.,1,2
RED_CHT_ASD_171,I play football.,0,2
RED_CHT_ASD_171,I like Justin Beiber.,0,2
RED_CHT_ASD_171,I like Iron Man.,1,1
RED_CHT_ASD_171,I like iced tea.,1,1
RED_CHT_ASD_171,I have a cat.,1,3
RED_CHT_ASD_171,I like Nickelodeon.,1,2
RED_CHT_ASD_171,I play checkers.,0,2
RED_CHT_ASD_171,I like cats.,1,2
RED_CAT_127,I watch YouTube.,1,1
RED_CAT_127,I like animals.,1,1
RED_CAT_127,I live in a house.,1,2
RED_CAT_127,I like sleepovers.,1,2
RED_CAT_127,I like iced tea.,0,2
RED_CAT_127,I watch Netflix.,1,2
RED_CAT_127,I like gym class.,1,1
RED_CAT_127,I like school.,0,1
RED_CAT_127,I like to bake cookies.,1,2
RED_CAT_127,I like science class.,1,1
RED_CAT_127,I like the beach.,1,1
RED_CAT_127,I ice skate.,0,3
RED_CAT_127,I like chicken fingers.,1,2
RED_CAT_127,I have been to Disney World.,1,2
RED_CAT_127,I paint pictures.,1,2
RED_CAT_127,I go swimming.,1,2
RED_CAT_127,I like vacations.,1,1
RED_CAT_127,I like YouTube.,1,2
RED_CAT_127,I like to play.,1,1
RED_CAT_127,I have homework.,0,1
RED_CAT_127,I go to museums.,1,1
RED_CAT_127,I sing.,1,3
RED_CAT_127,I play checkers.,1,1
RED_CAT_127,I like rainbows.,1,2
RED_CAT_127,I like sushi.,0,0
RED_CAT_127,I have a backyard.,1,2
RED_CAT_127,I like birthday parties.,1,2
RED_CAT_127,I have board games.,1,1
RED_CAT_127,I like cookies.,1,1
RED_CAT_127,I play football.,1,1
RED_CAT_127,I play video games.,1,1
RED_CAT_127,I like broccoli.,0,2
RED_CAT_127,I collect stamps.,0,2
RED_CAT_127,I play piano.,0,0
RED_CAT_127,I like Batman.,1,2
RED_CAT_127,I go camping.,1,2
RED_CAT_127,I go to the park.,1,1
RED_CAT_127,I like cartoons.,1,2
RED_CAT_127,I have been to Mexico.,0,0
RED_CAT_127,I like french fries.,1,2
RED_CAT_127,I like Starbucks,0,3
RED_CAT_127,I like Justin Beiber.,0,1
RED_CAT_127,I have a cat.,0,3
RED_CAT_127,I like the snow.,1,1
RED_CAT_127,I like recess.,1,2
RED_CAT_127,I have been to Canada,0,2
RED_CAT_127,I like the rain.,1,1
RED_CAT_127,I have a brother.,0,2
RED_CAT_127,I watch tv.,1,2
RED_CAT_127,I draw pictures.,1,1
RED_CAT_127,I like musicals.,0,0
RED_CAT_127,I go to the zoo.,1,2
RED_CAT_127,I play Minecraft.,1,2
RED_CAT_127,I have a TV.,1,1
RED_CAT_127,I can whistle.,1,3
RED_CAT_127,I juggle.,0,1
RED_CAT_127,I ride the bus.,1,1
RED_CAT_127,I like my family.,1,2
RED_CAT_127,I collect rocks.,0,3
RED_CAT_127,I like my friends.,1,1
RED_CAT_127,I have an XBox.,0,2
RED_CAT_127,I play clarinet.,0,2
RED_CAT_127,I play volleyball.,0,1
RED_CAT_127,I play baseball.,0,2
RED_CAT_127,I have an iPad.,0,0
RED_CAT_127,I like Iron Man.,1,2
RED_CAT_127,I have an iPhone.,0,1
RED_CAT_127,I have a sister.,0,2
RED_CAT_127,I like to dance.,-1,4
RED_CAT_127,I play computer games.,1,2
RED_CAT_127,I have a dog.,0,0
RED_CAT_127,I like Nickelodeon.,1,1
RED_CAT_127,I play on the monkey bars.,0,2
RED_CAT_127,I like my friends.,1,2
RED_CAT_127,I can do the splits.,0,2
RED_CAT_127,I like the aquarium.,1,1
RED_CAT_127,I play soccer.,0,2
RED_CAT_127,I read magazines.,0,1
RED_CAT_116,My favorite color is blue.,0,2
RED_CAT_116,I paint pictures.,0,1
RED_CAT_116,I go camping.,1,1
RED_CAT_116,I like Iron Man.,1,1
RED_CAT_116,I like french fries.,1,1
RED_CAT_116,I like musicals.,0,2
RED_CAT_116,I have a bicycle.,1,2
RED_CAT_116,I like cartoons.,1,1
RED_CAT_116,I like Justin Beiber.,0,2
RED_CAT_116,I draw pictures.,1,2
RED_CAT_116,I play Minecraft.,1,1
RED_CAT_116,I like my friends.,1,2
RED_CAT_116,I like to read.,1,1
RED_CAT_116,I like the snow.,1,2
RED_CAT_116,I like Harry Potter.,0,3
RED_CAT_116,I play soccer.,0,1
RED_CAT_116,I can whistle.,1,3
RED_CAT_116,I live in a house.,1,1
RED_CAT_116,I have board games.,1,2
RED_CAT_116,I go to museums.,1,2
RED_CAT_116,I like birthday parties.,1,1
RED_CAT_116,I like to dance.,1,2
RED_CAT_116,I go on vacation.,1,2
RED_CAT_116,I have a turtle.,0,0
RED_CAT_116,I play computer games.,1,1
RED_CAT_116,I like cookies.,1,2
RED_CAT_116,I like movies.,1,2
RED_CAT_116,I like broccoli.,1,1
RED_CAT_116,I sing.,1,3
RED_CAT_116,I go swimming.,1,1
RED_CAT_116,I like iced tea.,1,1
RED_CAT_116,I like the beach.,1,2
RED_CAT_116,I ice skate.,0,3
RED_CAT_116,I play on the monkey bars.,0,0
RED_CAT_116,I play volleyball.,0,2
RED_CAT_116,I go hiking.,1,2
RED_CAT_116,I play board games.,1,1
RED_CAT_116,I ride my bike.,0,2
RED_CAT_116,I watch Netflix.,1,1
RED_CAT_116,I like sushi.,0,2
RED_CAT_116,I like art class.,1,1
RED_CAT_116,I go to the park.,1,2
RED_CAT_116,I like sleepovers.,1,1
RED_CAT_116,I like science class.,1,2
RED_CAT_116,I have been to Canada,0,0
RED_CAT_116,I have been to Baltimore.,1,1
RED_CAT_116,I like animals.,1,2
RED_CAT_116,I have an iPad.,0,2
RED_CAT_116,I have homework.,1,2
RED_CAT_116,I have an XBox.,0,1
RED_CAT_116,I juggle.,0,2
RED_CAT_116,I have been to Disney World.,1,1
RED_CAT_116,I like my family.,1,1
RED_CAT_116,I have a dog.,1,2
RED_CAT_116,I like vacations.,1,2
RED_CAT_116,I play baseball.,1,1
RED_CAT_116,I have a TV.,1,2
RED_CAT_116,I go to the zoo.,1,1
RED_CAT_116,I play video games.,1,2
RED_CAT_116,I like rainbows.,1,1
RED_CAT_116,I collect stamps.,1,1
RED_CAT_116,I play guitar.,0,0
RED_CAT_116,I go out to dinner.,1,1
RED_CAT_116,I like the rain.,1,2
RED_CAT_116,I can do the splits.,1,1
RED_CAT_116,I like Starbucks,1,3
RED_CAT_116,I read books.,1,1
RED_CAT_116,I like school.,1,2
RED_CAT_116,I like chicken fingers.,1,1
RED_CAT_116,I have a pool.,0,2
RED_CAT_116,I play football.,1,2
RED_CAT_116,I like the summer.,1,2
RED_CAT_116,I like to bake cookies.,1,1
RED_CAT_116,I have books.,1,1
RED_CAT_116,I have been to California.,0,3
RED_CAT_116,I play piano.,0,2
RED_CAT_116,I have an iPhone.,0,2
RED_CAT_116,I like cats.,0,2
RED_CAT_104,I like sleepovers.,1,1
RED_CAT_104,I watch Netflix.,1,1
RED_CAT_104,I like Justin Beiber.,0,2
RED_CAT_104,I have been to Mexico.,0,2
RED_CAT_104,I play video games.,1,2
RED_CAT_104,I play piano.,0,2
RED_CAT_104,I play soccer.,0,1
RED_CAT_104,I like recess.,1,1
RED_CAT_104,I like cookies.,1,2
RED_CAT_104,I go to the zoo.,1,1
RED_CAT_104,I have a sister.,0,1
RED_CAT_104,I like Harry Potter.,1,3
RED_CAT_104,I have a dog.,1,2
RED_CAT_104,I have an iPhone.,1,2
RED_CAT_104,I have homework.,1,2
RED_CAT_104,I play checkers.,0,2
RED_CAT_104,I play Minecraft.,1,1
RED_CAT_104,I like sushi.,1,2
RED_CAT_104,I go camping.,0,0
RED_CAT_104,I like birthday parties.,1,1
RED_CAT_104,I play computer games.,1,1
RED_CAT_104,I have been to California.,0,3
RED_CAT_104,I can do the splits.,0,1
RED_CAT_104,I like the zoo.,1,2
RED_CAT_104,I have a brother.,1,1
RED_CAT_104,I ride my bike.,1,2
RED_CAT_104,I have a bicycle.,1,2
RED_CAT_104,I like rainbows.,0,1
RED_CAT_104,I like to swim.,1,1
RED_CAT_104,I play baseball.,1,1
RED_CAT_104,I like iced tea.,1,1
RED_CAT_104,I have a pool.,1,2
RED_CAT_104,I like gym class.,1,2
RED_CAT_104,I play guitar.,0,0
RED_CAT_104,I like movies.,1,2
RED_CAT_104,I play football.,0,2
RED_CAT_104,I paint pictures.,0,1
RED_CAT_104,I like cats.,1,2
RED_CAT_104,I like Iron Man.,0,0
RED_CAT_104,I like vacations.,1,2
RED_CAT_104,I collect rocks.,-1,4
RED_CAT_104,I have an XBox.,1,1
RED_CAT_104,I have a cat.,1,3
RED_CAT_104,I like art class.,0,1
RED_CAT_104,I like the summer.,1,2
RED_CAT_104,I have a TV.,1,2
RED_CAT_104,I go out to dinner.,1,1
RED_CAT_104,I like science class.,0,2
RED_CAT_104,I like the rain.,1,2
RED_CAT_104,I have been to Canada,1,1
RED_CAT_104,I read books.,0,0
RED_CAT_104,I have been on a train.,1,2
RED_CAT_104,I like the snow.,1,2
RED_CAT_104,I play clarinet.,0,0
RED_CAT_104,I can whistle.,1,3
RED_CAT_104,I play board games.,1,1
RED_CAT_104,I have been to Disney World.,0,1
RED_CAT_104,I like the aquarium.,1,2
RED_CAT_104,I ice skate.,1,3
RED_CAT_104,I like to read.,0,0
RED_CAT_104,I go to the park.,1,2
RED_CAT_104,I like musicals.,0,2
RED_CAT_104,I like french fries.,1,1
RED_CAT_104,I draw pictures.,0,2
RED_CAT_104,I play on the monkey bars.,1,1
RED_CAT_104,I like to play.,1,2
RED_CAT_104,I have books.,1,1
RED_CAT_104,My favorite color is blue.,1,2
RED_CAT_104,I like to bake cookies.,0,0
RED_CAT_104,I like Nickelodeon.,1,2
RED_CAT_104,I like my friends.,1,1
RED_CAT_104,I like chicken fingers.,1,1
RED_CAT_104,I have an iPad.,1,2
RED_CAT_104,I have been on a plane.,1,2
RED_CAT_104,I like the beach.,1,2
RED_CAT_104,I go swimming.,1,1
RED_CAT_104,I read magazines.,0,2
RED_CAT_104,I go to the movies.,1,1
